desc: I1 cache:         65536 B, 64 B, 2-way associative
desc: D1 cache:         65536 B, 64 B, 2-way associative
desc: LL cache:         262144 B, 64 B, 8-way associative
cmd: ./cachetest clasica 512
events: Ir I1mr ILmr Dr D1mr DLmr Dw D1mw DLmw 
fl=./csu/../csu/libc-start.c
fn=__libc_start_main@@GLIBC_2.34
128 2 1 1 2 1 0 0 0 0
134 3 0 0 1 1 1 0 0 0
135 7 1 1 3 1 1 2 0 0
138 1 0 0 1 0 0 0 0 0
139 2 0 0 0 0 0 0 0 0
142 3 0 0 2 0 0 0 0 0
143 7 0 0 2 0 0 1 0 0
144 6 0 0 1 0 0 0 0 0
145 4 1 1 1 1 0 2 0 0
242 13 1 1 0 0 0 7 0 0
311 2 0 0 0 0 0 0 0 0
312 4 1 1 0 0 0 1 0 0
337 6 0 0 2 0 0 1 0 0
340 2 0 0 0 0 0 0 0 0
343 2 0 0 2 1 0 0 0 0
350 2 0 0 1 0 0 1 0 0
352 2 0 0 0 0 0 0 0 0
360 4 0 0 1 0 0 1 0 0
fl=./csu/../sysdeps/nptl/libc_start_call_main.h
fn=(below main)
30 6 1 1 0 0 0 4 0 0
45 5 0 0 1 0 0 2 0 0
47 2 0 0 0 0 0 0 0 0
52 2 1 1 1 1 1 1 0 0
53 2 0 0 1 1 0 1 0 0
56 2 0 0 0 0 0 1 0 0
59 5 1 1 5 0 0 1 0 0
83 2 0 0 0 0 0 1 0 0
fl=./csu/./csu/init-first.c
fn=_init_first
46 5 1 1 0 0 0 1 0 0
51 2 0 0 1 0 0 0 0 0
55 5 1 1 4 2 2 0 0 0
61 1 0 0 0 0 0 1 1 1
62 1 0 0 0 0 0 1 0 0
63 2 0 0 1 1 1 1 1 1
71 2 0 0 0 0 0 0 0 0
72 1 0 0 1 0 0 0 0 0
fl=./ctype/./ctype/ctype-info.c
fn=__ctype_init
37 1 1 1 0 0 0 0 0 0
39 7 1 1 5 4 4 1 0 0
41 4 0 0 2 2 2 1 0 0
42 2 0 0 1 0 0 1 0 0
43 2 0 0 1 0 0 0 0 0
44 1 0 0 1 0 0 0 0 0
fl=./debug/../sysdeps/x86_64/multiarch/ifunc-memmove.h
fn=__memcpy_chk
56 3 0 0 2 0 0 0 0 0
57 2 0 0 0 0 0 0 0 0
60 3 0 0 1 0 0 0 0 0
61 2 1 1 0 0 0 0 0 0
74 2 0 0 0 0 0 0 0 0
77 2 1 1 0 0 0 0 0 0
85 2 0 0 0 0 0 0 0 0
93 2 0 0 0 0 0 0 0 0
96 5 1 1 1 0 0 0 0 0
fn=__memmove_chk
56 3 0 0 2 0 0 0 0 0
57 2 0 0 0 0 0 0 0 0
60 3 1 1 1 0 0 0 0 0
61 2 0 0 0 0 0 0 0 0
74 2 1 1 0 0 0 0 0 0
77 2 0 0 0 0 0 0 0 0
85 2 1 1 0 0 0 0 0 0
93 2 0 0 0 0 0 0 0 0
96 5 0 0 1 0 0 0 0 0
fn=__mempcpy_chk
56 3 1 1 2 0 0 0 0 0
57 2 0 0 0 0 0 0 0 0
60 3 0 0 1 0 0 0 0 0
61 2 0 0 0 0 0 0 0 0
74 2 1 1 0 0 0 0 0 0
77 2 1 1 0 0 0 0 0 0
85 2 0 0 0 0 0 0 0 0
93 2 0 0 0 0 0 0 0 0
96 5 0 0 1 0 0 0 0 0
fl=./debug/../sysdeps/x86_64/multiarch/ifunc-memset.h
fn=__memset_chk
52 1 0 0 0 0 0 0 0 0
53 2 0 0 0 0 0 0 0 0
61 5 0 0 2 0 0 0 0 0
64 3 0 0 1 0 0 0 0 0
65 2 1 1 0 0 0 0 0 0
80 2 0 0 0 0 0 0 0 0
84 4 0 0 0 0 0 0 0 0
92 2 1 1 0 0 0 0 0 0
100 2 1 1 0 0 0 0 0 0
fl=./debug/../sysdeps/x86_64/multiarch/memcpy_chk.c
fn=__memcpy_chk
29 1 1 1 0 0 0 0 0 0
fl=./debug/../sysdeps/x86_64/multiarch/memmove_chk.c
fn=__memmove_chk
29 1 1 1 0 0 0 0 0 0
fl=./debug/../sysdeps/x86_64/multiarch/mempcpy_chk.c
fn=__mempcpy_chk
29 1 1 1 0 0 0 0 0 0
fl=./debug/../sysdeps/x86_64/multiarch/memset_chk.c
fn=__memset_chk
29 2 1 1 1 0 0 0 0 0
fl=./elf/../bits/stdlib-bsearch.h
fn=intel_check_word.constprop.0
26 888 0 0 0 0 0 0 0 0
28 972 0 0 0 0 0 0 0 0
43 72 0 0 0 0 0 0 0 0
44 60 0 0 0 0 0 0 0 0
fl=./elf/../elf/dl-tls.c
fn=_dl_add_to_slotinfo
1177 15 1 1 0 0 0 3 0 0
1178 15 1 1 6 0 0 0 0 0
1186 3 0 0 3 0 0 0 0 0
1189 3 0 0 3 1 1 0 0 0
1190 3 0 0 0 0 0 0 0 0
1194 9 1 1 3 1 1 0 0 0
1230 6 0 0 0 0 0 0 0 0
1233 6 0 0 0 0 0 3 2 2
1234 9 1 1 3 0 0 3 0 0
1236 3 0 0 3 0 0 0 0 0
1239 3 0 0 0 0 0 0 0 0
1240 6 0 0 6 0 0 0 0 0
fn=_dl_allocate_tls_init
612 10 2 2 0 0 0 7 0 0
613 2 0 0 0 0 0 0 0 0
617 1 0 0 1 1 1 0 0 0
619 1 0 0 0 0 0 0 0 0
620 1 0 0 0 0 0 0 0 0
623 2 0 0 1 0 0 1 0 0
626 5 0 0 2 1 1 0 0 0
638 3 1 1 1 0 0 0 0 0
643 26 1 1 4 0 0 1 0 0
649 8 1 1 0 0 0 0 0 0
652 9 0 0 3 0 0 0 0 0
653 6 0 0 0 0 0 0 0 0
659 9 1 1 6 0 0 0 0 0
660 6 0 0 0 0 0 0 0 0
662 21 1 1 9 3 3 4 1 1
665 6 1 1 0 0 0 0 0 0
666 6 0 0 3 0 0 0 0 0
669 6 0 0 0 0 0 0 0 0
670 12 0 0 6 1 1 0 0 0
672 6 0 0 0 0 0 0 0 0
673 6 0 0 3 0 0 0 0 0
682 3 1 1 0 0 0 3 0 0
692 6 0 0 3 0 0 0 0 0
694 33 0 0 9 0 0 15 0 0
698 3 0 0 3 0 0 0 0 0
702 6 0 0 6 0 0 0 0 0
706 2 1 1 1 0 0 0 0 0
708 2 1 1 1 0 0 1 0 0
711 1 0 0 0 0 0 1 0 0
714 9 0 0 8 0 0 0 0 0
fn=_dl_allocate_tls_storage
97 1 0 0 2 0 0 0 0 0
103 1 0 0 2 0 0 0 0 0
465 1 0 0 1 0 0 0 0 0
469 2 0 0 0 0 0 1 0 0
470 1 0 0 0 0 0 0 0 0
471 2 0 0 0 0 0 0 0 0
480 2 0 0 0 0 0 1 0 0
517 8 1 1 0 0 0 4 0 0
523 2 0 0 1 0 0 0 0 0
525 2 0 0 0 0 0 0 0 0
535 1 0 0 0 0 0 1 1 1
540 2 1 1 1 0 0 0 0 0
545 6 0 0 5 0 0 0 0 0
fn=_dl_assign_tls_modid
161 12 1 1 0 0 0 3 0 0
164 6 0 0 3 0 0 0 0 0
177 3 0 0 3 0 0 0 0 0
217 3 0 0 0 0 0 0 0 0
219 3 0 0 0 0 0 3 0 0
222 3 0 0 0 0 0 3 0 0
223 6 0 0 6 0 0 0 0 0
fn=_dl_count_modids
228 1 1 1 0 0 0 0 0 0
230 2 0 0 1 0 0 0 0 0
231 1 1 1 1 1 1 0 0 0
246 2 0 0 1 0 0 0 0 0
fn=_dl_determine_tlsoffset
251 8 1 1 0 0 0 5 0 0
252 2 0 0 0 0 0 0 0 0
253 1 0 0 0 0 0 0 0 0
254 1 0 0 0 0 0 0 0 0
286 1 0 0 0 0 0 0 0 0
288 17 1 1 1 0 0 0 0 0
289 7 0 0 7 0 0 0 0 0
291 21 1 1 7 2 0 0 0 0
294 9 0 0 3 0 0 0 0 0
295 6 0 0 3 0 0 0 0 0
297 6 1 1 0 0 0 0 0 0
299 12 0 0 0 0 0 0 0 0
315 24 0 0 0 0 0 0 0 0
318 3 0 0 0 0 0 0 0 0
320 15 0 0 0 0 0 0 0 0
323 3 0 0 0 0 0 0 0 0
327 3 0 0 0 0 0 3 0 0
344 3 0 0 0 0 0 0 0 0
350 9 2 2 0 0 0 0 0 0
361 3 0 0 0 0 0 1 0 0
363 1 0 0 0 0 0 1 0 0
364 7 0 0 1 0 0 0 0 0
366 2 0 0 0 0 0 1 0 0
455 1 0 0 0 0 0 1 0 0
456 7 0 0 6 0 0 0 0 0
fn=_dl_tls_initial_modid_limit_setup
1138 1 1 1 0 0 0 0 0 0
1139 1 0 0 1 0 0 0 0 0
1142 13 0 0 1 0 0 0 0 0
1144 12 0 0 4 1 1 0 0 0
1145 8 0 0 0 0 0 0 0 0
1148 6 0 0 3 0 0 0 0 0
1151 1 0 0 0 0 0 1 1 1
1152 1 0 0 1 0 0 0 0 0
fn=_dl_tls_static_surplus_init
119 3 0 0 0 0 0 0 0 0
133 8 1 1 0 0 0 4 0 0
136 5 1 1 1 0 0 1 0 0
137 5 0 0 1 0 0 1 0 0
138 3 0 0 0 0 0 0 0 0
140 4 1 1 0 0 0 0 0 0
143 1 0 0 0 0 0 0 0 0
145 1 0 0 0 0 0 1 0 0
147 3 0 0 0 0 0 1 0 0
148 6 0 0 5 0 0 0 0 0
fl=./elf/../include/list.h
fn=__tls_init_tp
43 2 0 0 1 0 0 1 0 0
44 2 0 0 0 0 0 1 0 0
45 1 1 1 0 0 0 1 0 0
47 1 0 0 0 0 0 1 0 0
fl=./elf/../include/rtld-malloc.h
fn=__minimal_calloc
56 17 0 0 17 0 0 0 0 0
fn=_dl_allocate_tls_storage
44 2 0 0 1 0 0 1 0 0
56 1 0 0 1 0 0 1 0 0
fn=_dl_check_map_versions
44 18 0 0 6 0 0 6 0 0
fn=_dl_find_object_init
56 1 0 0 1 0 0 1 0 0
fn=_dl_important_hwcaps
56 4 0 0 2 0 0 2 0 0
fn=_dl_init_paths
56 4 0 0 3 0 0 3 0 0
fn=_dl_map_object_deps
56 12 1 1 6 0 0 6 0 0
fn=_dl_new_object
44 18 0 0 6 0 0 6 0 0
56 15 0 0 5 0 0 5 0 0
fn=do_lookup_x
44 13 0 0 3 0 0 4 0 0
fn=fillin_rpath.isra.0
50 2 1 1 2 0 0 1 0 0
51 1 0 0 0 0 0 0 0 0
56 2 0 0 1 0 0 1 0 0
fn=init_tls
44 3 0 0 1 0 0 1 0 0
fl=./elf/../include/scratch_buffer.h
fn=_dl_map_object_deps
77 3 0 0 0 0 0 2 1 1
78 1 0 0 0 0 0 1 0 0
85 3 1 1 2 0 0 0 0 0
131 15 0 0 0 0 0 5 0 0
fl=./elf/../include/stackinfo.h
fn=_dl_map_object_from_fd
62 240 1 1 45 0 0 40 2 1
fn=dl_main
62 8 1 1 1 0 0 1 0 0
fl=./elf/../misc/sbrk.c
fn=sbrk
37 5 1 1 0 0 0 1 0 0
40 1 0 0 1 0 0 0 0 0
58 2 0 0 0 0 0 0 0 0
62 2 0 0 0 0 0 0 0 0
78 3 1 1 2 0 0 0 0 0
fl=./elf/../nptl/nptl-stack.h
fn=__libc_early_init
61 7 0 0 2 1 1 0 0 0
fl=./elf/../sysdeps/generic/dl-cache.h
fn=_dl_load_cache_lookup
125 4 0 0 4 0 0 0 0 0
194 1 0 0 1 0 0 0 0 0
195 5 1 1 0 0 0 0 0 0
fl=./elf/../sysdeps/generic/dl-call_tls_init_tp.h
fn=init_tls
31 8 1 1 0 0 0 2 0 0
33 1 0 0 0 0 0 1 0 0
fl=./elf/../sysdeps/generic/dl-debug.h
fn=dl_main
29 4 0 0 2 0 0 0 0 0
30 1 0 0 0 0 0 1 0 0
fl=./elf/../sysdeps/generic/dl-new-hash.h
fn=_dl_lookup_symbol_x
69 1894 7 3 0 0 0 0 0 0
70 3788 0 0 0 0 0 0 0 0
74 40974 0 0 40974 1417 1285 0 0 0
77 81948 0 0 0 0 0 0 0 0
80 40022 0 0 40022 488 461 0 0 0
81 80044 0 0 0 0 0 0 0 0
87 942 1 1 0 0 0 0 0 0
88 942 0 0 0 0 0 0 0 0
89 1884 0 0 0 0 0 0 0 0
90 942 0 0 0 0 0 0 0 0
99 39080 0 0 0 0 0 0 0 0
101 39080 0 0 0 0 0 0 0 0
102 78160 0 0 0 0 0 0 0 0
104 39080 0 0 0 0 0 0 0 0
105 39080 0 0 0 0 0 0 0 0
fl=./elf/../sysdeps/generic/dl-protected.h
fn=do_lookup_x
29 7544 0 0 1894 0 0 1894 0 0
fl=./elf/../sysdeps/generic/ldsodefs.h
fn=_dl_lookup_map
96 129 1 1 43 0 0 0 0 0
99 110 0 0 66 0 0 0 0 0
100 44 0 0 22 0 0 0 0 0
fn=_dl_map_object_from_fd
96 18 2 2 10 0 0 0 0 0
99 12 0 0 3 0 0 0 0 0
100 6 0 0 3 0 0 0 0 0
fn=_dl_relocate_object_no_relro
79 41 1 1 16 0 0 0 0 0
152 10308 0 0 3436 0 0 0 0 0
fn=_dl_start
79 6 1 1 3 0 0 0 0 0
fn=dl_main
79 2 0 0 1 0 0 1 0 0
96 7 2 2 3 0 0 0 0 0
99 4 0 0 3 0 0 0 0 0
100 1 0 0 1 0 0 0 0 0
fn=do_lookup_x
151 3756 1 1 1878 0 0 0 0 0
152 5634 0 0 0 0 0 0 0 0
fl=./elf/../sysdeps/nptl/dl-mutex.c
fn=__rtld_mutex_init
30 5 0 0 0 0 0 3 0 0
37 1 0 0 1 0 0 0 0 0
40 6 1 1 0 0 0 1 0 0
44 2 0 0 0 0 0 0 0 0
45 10 1 1 3 0 0 1 0 0
47 7 0 0 0 0 0 1 0 0
51 2 0 0 0 0 0 0 0 0
52 7 1 1 3 0 0 1 0 0
53 4 0 0 4 0 0 0 0 0
fl=./elf/../sysdeps/nptl/dl-tls_init_tp.c
fn=__tls_init_tp
69 4 1 1 0 0 0 1 0 0
70 1 0 0 1 0 0 0 0 0
73 1 0 0 0 0 0 0 0 0
76 4 0 0 0 0 0 1 0 0
77 2 0 0 0 0 0 1 0 0
78 1 1 1 0 0 0 1 0 0
79 1 0 0 0 0 0 1 0 0
84 2 0 0 1 0 0 1 0 0
89 4 0 0 0 0 0 1 0 0
92 1 0 0 0 0 0 1 0 0
95 3 0 0 0 0 0 0 0 0
111 4 1 1 0 0 0 1 0 0
113 1 0 0 0 0 0 1 0 0
119 2 0 0 1 0 0 1 0 0
120 2 0 0 2 0 0 0 0 0
fn=__tls_pre_init_tp
54 4 2 2 0 0 0 0 0 0
57 9 0 0 0 0 0 3 1 1
62 2 0 0 0 0 0 1 0 0
63 1 0 0 0 0 0 1 0 0
65 1 0 0 1 0 0 0 0 0
fn=rtld_mutex_dummy
43 178 0 0 0 0 0 0 0 0
45 356 0 0 178 0 0 0 0 0
fl=./elf/../sysdeps/nptl/pthread_early_init.h
fn=__libc_early_init
33 6 0 0 0 0 0 1 0 0
34 1 0 0 1 0 0 0 0 0
38 5 1 1 0 0 0 0 0 0
45 2 0 0 2 0 0 0 0 0
46 1 0 0 0 0 0 0 0 0
48 2 1 1 0 0 0 0 0 0
52 5 0 0 0 0 0 1 0 0
53 1 0 0 0 0 0 1 1 1
54 1 0 0 0 0 0 1 1 1
56 1 0 0 0 0 0 1 0 0
fl=./elf/../sysdeps/posix/dl-fileid.h
fn=_dl_map_object_from_fd
37 20 0 0 0 0 0 5 1 1
40 10 0 0 5 0 0 5 0 0
41 10 1 1 5 0 0 5 0 0
49 60 0 0 30 4 1 0 0 0
fl=./elf/../sysdeps/unix/sysv/linux/brk.c
fn=brk
36 1 1 1 0 0 0 0 0 0
37 1 0 0 0 0 0 1 1 1
38 2 0 0 0 0 0 0 0 0
44 1 0 0 0 0 0 0 0 0
45 1 0 0 1 0 0 0 0 0
fl=./elf/../sysdeps/unix/sysv/linux/brk_call.h
fn=brk
24 2 0 0 0 0 0 0 0 0
fl=./elf/../sysdeps/unix/sysv/linux/dl-extra_tls.h
fn=_dl_determine_tlsoffset
32 4 1 1 0 0 0 1 0 0
33 3 0 0 1 0 0 0 0 0
37 10 1 1 2 0 0 0 0 0
44 1 0 0 0 0 0 0 0 0
51 4 0 0 0 0 0 1 0 0
52 3 0 0 1 0 0 0 0 0
54 1 1 1 1 0 0 0 0 0
fl=./elf/../sysdeps/unix/sysv/linux/dl-osinfo.h
fn=dl_main
39 2 0 0 1 0 0 0 0 0
52 1 0 0 1 0 0 0 0 0
fl=./elf/../sysdeps/unix/sysv/linux/dl-parse_auxv.h
fn=_dl_sysdep_parse_arguments
33 2 0 0 0 0 0 1 0 0
34 1 1 1 0 0 0 1 0 0
35 1 0 0 0 0 0 1 0 0
42 92 1 1 23 6 6 0 0 0
43 44 0 0 0 0 0 0 0 0
44 44 0 0 22 0 0 22 0 0
46 1 0 0 0 0 0 1 0 0
47 2 1 1 1 0 0 1 0 0
48 2 0 0 1 0 0 1 1 1
49 2 0 0 1 0 0 1 0 0
50 2 0 0 1 0 0 1 0 0
51 2 0 0 1 0 0 1 0 0
52 2 1 1 1 0 0 1 0 0
53 2 0 0 1 0 0 1 0 0
54 3 0 0 2 0 0 1 0 0
55 4 0 0 2 0 0 2 1 1
57 4 1 1 2 0 0 2 1 1
65 5 0 0 1 0 0 1 0 0
67 6 1 1 2 0 0 1 1 1
fl=./elf/../sysdeps/unix/sysv/linux/dl-sysdep.c
fn=_dl_sysdep_parse_arguments
78 8 1 1 0 0 0 6 1 1
79 2 0 0 1 0 0 1 0 0
80 2 0 0 0 0 0 1 0 0
81 3 0 0 0 0 0 1 1 1
82 62 1 1 0 0 0 0 0 0
83 127 0 0 63 8 8 0 0 0
86 2 0 0 0 0 0 1 1 1
90 56 0 0 0 0 0 52 6 6
93 2 0 0 1 0 0 1 0 0
94 4 0 0 2 0 0 2 0 0
95 2 0 0 1 0 0 1 0 0
96 8 0 0 7 0 0 0 0 0
fn=_dl_sysdep_start
102 6 1 1 0 0 0 2 0 0
103 1 0 0 0 0 0 1 0 0
106 2 0 0 0 0 0 1 1 1
110 2 0 0 1 0 0 1 0 0
113 1 0 0 0 0 0 1 0 0
115 2 0 0 0 0 0 1 0 0
122 3 1 1 1 0 0 0 0 0
123 2 0 0 0 0 0 2 0 0
125 5 0 0 0 0 0 1 0 0
137 3 0 0 1 0 0 0 0 0
140 5 1 1 3 0 0 1 0 0
143 4 0 0 4 1 1 0 0 0
fn=_dl_sysdep_start_cleanup
147 1 1 1 0 0 0 0 0 0
148 1 0 0 1 0 0 0 0 0
fl=./elf/../sysdeps/unix/sysv/linux/dl-vdso-setup.h
fn=dl_main
30 1 0 0 0 0 0 1 0 0
33 1 0 0 0 0 0 1 0 0
36 1 0 0 0 0 0 1 0 0
39 1 0 0 0 0 0 1 0 0
45 1 0 0 0 0 0 1 0 0
54 1 0 0 0 0 0 1 0 0
fl=./elf/../sysdeps/unix/sysv/linux/dl-vdso.h
fn=dl_main
40 2 1 1 1 0 0 0 0 0
41 5 1 1 0 0 0 2 0 0
55 2 1 1 0 0 0 0 0 0
fl=./elf/../sysdeps/unix/sysv/linux/rseq-internal.h
fn=__tls_init_tp
93 4 0 0 2 0 0 1 0 0
100 3 0 0 1 0 0 0 0 0
108 4 1 1 1 0 0 0 0 0
112 5 0 0 0 0 0 2 0 0
116 2 1 1 1 0 0 1 0 0
118 5 0 0 1 0 0 0 0 0
119 2 0 0 0 0 0 0 0 0
124 1 0 0 0 0 0 1 0 0
fl=./elf/../sysdeps/unix/sysv/linux/x86/dl-hwcap2.h
fn=update_active.constprop.0
25 2 0 0 1 0 0 0 0 0
fl=./elf/../sysdeps/unix/sysv/linux/x86/dl-minsigstacksize.h
fn=get_common_indices.constprop.0
24 2 1 1 1 0 0 0 0 0
27 2 0 0 1 0 0 0 0 0
28 2 0 0 1 0 0 0 0 0
65 3 0 0 0 0 0 0 0 0
74 2 1 1 0 0 0 1 0 0
fl=./elf/../sysdeps/x86/cpu-features.c
fn=get_common_indices.constprop.0
431 3 1 1 0 0 0 2 0 0
435 4 0 0 0 0 0 0 0 0
438 5 0 0 0 0 0 3 1 1
442 1 0 0 0 0 0 1 0 0
443 4 1 1 0 0 0 1 0 0
444 4 0 0 0 0 0 1 0 0
445 4 0 0 0 0 0 1 0 0
446 3 0 0 0 0 0 1 0 0
447 2 1 1 1 0 0 0 0 0
454 2 0 0 1 0 0 0 0 0
456 7 0 0 0 0 0 4 0 0
461 7 0 0 0 0 0 4 1 1
468 2 1 1 1 0 0 0 0 0
469 7 1 1 0 0 0 4 1 1
475 2 0 0 1 0 0 0 0 0
490 3 0 0 3 0 0 0 0 0
fn=init_cpu_features.constprop.0
409 3 0 0 0 0 0 0 0 0
410 2 0 0 0 0 0 0 0 0
411 6 1 1 0 0 0 4 0 0
416 2 0 0 0 0 0 0 0 0
417 6 0 0 0 0 0 4 1 1
422 2 1 1 0 0 0 0 0 0
423 8 0 0 0 0 0 4 0 0
565 4 1 1 1 1 1 0 0 0
728 8 1 1 0 0 0 6 0 0
731 1 0 0 0 0 0 1 0 0
732 1 0 0 0 0 0 1 0 0
733 1 0 0 0 0 0 1 0 0
740 1 1 1 1 1 1 0 0 0
742 1 0 0 0 0 0 1 1 1
751 3 0 0 0 0 0 1 0 0
754 6 1 1 0 0 0 0 0 0
755 1 1 1 0 0 0 0 0 0
758 1 0 0 0 0 0 0 0 0
760 6 0 0 0 0 0 1 0 0
765 1 0 0 0 0 0 1 0 0
769 1 0 0 1 0 0 0 0 0
770 3 0 0 0 0 0 1 0 0
773 3 0 0 1 0 0 0 0 0
775 4 1 1 2 0 0 1 0 0
781 5 0 0 0 0 0 0 0 0
788 1 0 0 1 0 0 0 0 0
809 1 0 0 1 0 0 0 0 0
811 2 1 1 1 0 0 1 0 0
818 2 1 1 0 0 0 0 0 0
821 2 0 0 0 0 0 1 0 0
901 2 1 1 1 0 0 0 0 0
908 2 0 0 0 0 0 1 0 0
926 1 0 0 0 0 0 1 0 0
927 2 0 0 0 0 0 0 0 0
968 2 0 0 1 0 0 0 0 0
975 2 0 0 1 0 0 0 0 0
977 2 0 0 0 0 0 1 0 0
981 2 0 0 0 0 0 0 0 0
987 2 1 1 1 0 0 0 0 0
1148 3 1 1 1 0 0 0 0 0
1149 2 0 0 0 0 0 1 0 0
1152 2 0 0 0 0 0 0 0 0
1153 2 0 0 0 0 0 1 0 0
1156 4 0 0 0 0 0 0 0 0
1163 1 0 0 0 0 0 1 0 0
1164 1 0 0 0 0 0 1 0 0
1165 1 1 1 0 0 0 1 0 0
1166 1 0 0 0 0 0 1 0 0
1170 4 0 0 0 0 0 1 0 0
1173 4 1 1 0 0 0 1 0 0
1182 3 0 0 1 0 0 0 0 0
1186 1 0 0 1 0 0 0 0 0
1195 2 0 0 0 0 0 0 0 0
1196 3 0 0 0 0 0 0 0 0
1236 1 0 0 0 0 0 1 0 0
1237 2 1 1 1 0 0 0 0 0
1241 3 1 1 1 0 0 0 0 0
1258 3 1 1 0 0 0 0 0 0
1259 3 1 1 0 0 0 0 0 0
1262 2 0 0 1 0 0 0 0 0
1265 1 0 0 0 0 0 0 0 0
1268 2 0 0 0 0 0 1 0 0
1282 4 0 0 0 0 0 1 0 0
1284 4 1 1 0 0 0 1 0 0
1288 2 0 0 1 0 0 0 0 0
1291 4 0 0 1 0 0 0 0 0
1294 1 0 0 0 0 0 1 1 1
1297 1 0 0 0 0 0 1 0 0
1329 4 0 0 0 0 0 1 0 0
1336 8 0 0 7 0 0 0 0 0
fn=update_active.constprop.0
90 7 1 1 0 0 0 6 0 0
94 1 1 1 1 0 0 0 0 0
102 3 0 0 1 0 0 0 0 0
103 3 0 0 0 0 0 0 0 0
104 2 0 0 1 0 0 1 0 0
112 3 0 0 1 0 0 1 0 0
113 1 0 0 1 0 0 0 0 0
121 4 0 0 1 0 0 1 0 0
122 1 0 0 1 0 0 0 0 0
127 4 1 1 0 0 0 1 0 0
130 5 1 1 1 0 0 1 0 0
131 1 0 0 1 0 0 0 0 0
134 5 0 0 1 0 0 2 0 0
135 2 0 0 1 0 0 1 0 0
139 5 1 1 1 0 0 1 0 0
140 3 0 0 2 0 0 0 0 0
141 3 1 1 2 0 0 0 0 0
142 2 0 0 1 0 0 1 0 0
146 5 0 0 1 0 0 1 0 0
147 5 0 0 2 0 0 1 0 0
148 3 0 0 2 1 1 0 0 0
150 2 1 1 0 0 0 0 0 0
151 4 0 0 0 0 0 1 0 0
165 2 0 0 0 0 0 0 0 0
169 6 1 1 0 0 0 3 0 0
170 4 0 0 0 0 0 2 0 0
172 3 0 0 0 0 0 0 0 0
176 4 1 1 0 0 0 1 0 0
182 2 0 0 0 0 0 0 0 0
184 2 0 0 0 0 0 1 0 0
188 1 0 0 0 0 0 0 0 0
189 1 1 1 1 0 0 0 0 0
196 4 0 0 1 0 0 1 0 0
198 4 1 1 1 0 0 1 0 0
204 4 0 0 0 0 0 1 0 0
206 4 1 1 1 0 0 1 0 0
208 6 0 0 0 0 0 2 0 0
213 5 0 0 1 0 0 1 0 0
262 2 0 0 0 0 0 0 0 0
263 3 0 0 1 0 0 0 0 0
279 4 1 1 1 0 0 0 0 0
295 2 0 0 1 0 0 0 0 0
299 2 0 0 0 0 0 1 0 0
300 1 1 1 1 0 0 0 0 0
303 4 0 0 1 0 0 1 0 0
307 2 0 0 0 0 0 0 0 0
311 3 1 1 0 0 0 0 0 0
312 2 0 0 0 0 0 0 0 0
316 1 0 0 0 0 0 0 0 0
317 1 0 0 0 0 0 0 0 0
320 2 0 0 0 0 0 1 0 0
322 1 1 1 0 0 0 1 0 0
323 1 0 0 0 0 0 1 1 1
326 2 0 0 0 0 0 0 0 0
389 2 0 0 0 0 0 0 0 0
393 3 1 1 1 0 0 0 0 0
402 1 0 0 0 0 0 1 0 0
403 7 0 0 7 0 0 0 0 0
fl=./elf/../sysdeps/x86/dl-cacheinfo.h
fn=get_common_cache_info.constprop.0
624 11 1 1 0 0 0 6 0 0
639 1 0 0 1 0 0 0 0 0
642 1 0 0 1 0 0 0 0 0
643 1 0 0 1 0 0 0 0 0
649 1 0 0 0 0 0 1 0 0
651 13 1 1 4 0 0 2 0 0
654 2 0 0 0 0 0 0 0 0
666 1 0 0 0 0 0 1 0 0
671 4 1 1 1 0 0 0 0 0
675 2 0 0 0 0 0 0 0 0
680 1 0 0 0 0 0 0 0 0
683 16 1 1 0 0 0 1 0 0
690 8 0 0 0 0 0 0 0 0
693 26 1 1 0 0 0 0 0 0
698 2 0 0 0 0 0 0 0 0
702 3 0 0 0 0 0 0 0 0
703 2 0 0 0 0 0 0 0 0
707 2 0 0 0 0 0 0 0 0
711 3 0 0 0 0 0 1 0 0
714 4 0 0 0 0 0 1 0 0
715 1 0 0 0 0 0 0 0 0
720 4 0 0 0 0 0 0 0 0
726 4 1 1 0 0 0 0 0 0
730 3 0 0 1 0 0 0 0 0
734 7 0 0 1 0 0 0 0 0
736 3 0 0 1 0 0 0 0 0
738 4 0 0 0 0 0 0 0 0
740 7 1 1 0 0 0 0 0 0
742 2 0 0 0 0 0 0 0 0
744 8 0 0 0 0 0 0 0 0
746 4 0 0 0 0 0 0 0 0
749 2 0 0 0 0 0 0 0 0
754 1 0 0 0 0 0 0 0 0
756 4 1 1 0 0 0 0 0 0
757 3 0 0 0 0 0 0 0 0
758 1 0 0 0 0 0 0 0 0
761 2 0 0 0 0 0 0 0 0
764 2 1 1 0 0 0 0 0 0
771 1 0 0 1 0 0 0 0 0
773 4 0 0 0 0 0 0 0 0
774 2 1 1 0 0 0 1 0 0
779 2 0 0 0 0 0 0 0 0
784 2 0 0 0 0 0 0 0 0
785 1 0 0 0 0 0 0 0 0
786 3 0 0 1 0 0 0 0 0
787 1 0 0 1 0 0 0 0 0
812 3 1 1 1 0 0 0 0 0
823 4 0 0 0 0 0 0 0 0
824 5 1 1 0 0 0 0 0 0
828 2 0 0 1 0 0 0 0 0
835 1 0 0 0 0 0 1 0 0
836 1 0 0 0 0 0 1 0 0
837 1 0 0 0 0 0 1 0 0
838 7 0 0 7 0 0 0 0 0
fn=handle_intel.constprop.0
261 108 0 0 0 0 0 72 0 0
266 24 1 1 12 0 0 0 0 0
272 12 0 0 0 0 0 12 0 0
278 48 0 0 0 0 0 12 0 0
282 24 0 0 0 0 0 0 0 0
287 24 1 1 0 0 0 0 0 0
290 36 0 0 0 0 0 12 0 0
292 24 0 0 0 0 0 0 0 0
295 60 1 1 0 0 0 12 0 0
297 24 0 0 0 0 0 0 0 0
316 96 0 0 84 0 0 0 0 0
fn=init_cpu_features.constprop.0
861 2 0 0 0 0 0 0 0 0
863 4 1 1 0 0 0 3 0 0
864 3 0 0 0 0 0 2 0 0
865 2 1 1 0 0 0 2 0 0
868 3 0 0 0 0 0 2 0 0
870 3 0 0 0 0 0 2 0 0
871 2 0 0 1 0 0 1 0 0
873 3 1 1 0 0 0 2 0 0
875 3 0 0 0 0 0 2 0 0
877 3 0 0 0 0 0 2 0 0
879 3 0 0 0 0 0 2 0 0
881 3 0 0 0 0 0 2 0 0
882 2 1 1 1 0 0 1 0 0
884 3 0 0 0 0 0 2 0 0
886 3 0 0 0 0 0 2 0 0
888 3 0 0 0 0 0 2 0 0
890 6 1 1 1 0 0 2 0 0
964 2 1 1 1 0 0 1 1 1
965 2 0 0 1 0 0 1 0 0
966 2 0 0 1 0 0 1 0 0
967 2 0 0 1 0 0 1 0 0
968 2 1 1 1 0 0 1 0 0
969 1 0 0 0 0 0 1 0 0
970 1 0 0 0 0 0 1 0 0
971 2 0 0 1 0 0 1 0 0
972 1 0 0 0 0 0 1 0 0
973 2 1 1 1 0 0 1 0 0
974 1 0 0 0 0 0 1 0 0
975 1 0 0 0 0 0 1 0 0
980 3 0 0 0 0 0 0 0 0
994 3 0 0 1 0 0 0 0 0
995 7 1 1 5 0 0 2 0 0
1000 2 0 0 0 0 0 0 0 0
1001 7 0 0 3 0 0 0 0 0
1002 2 0 0 0 0 0 0 0 0
1010 6 0 0 0 0 0 1 0 0
1011 2 0 0 0 0 0 0 0 0
1031 6 1 1 0 0 0 0 0 0
1040 2 0 0 0 0 0 0 0 0
1041 2 0 0 0 0 0 0 0 0
1046 3 1 1 0 0 0 1 0 0
1049 1 0 0 0 0 0 0 0 0
1050 2 1 1 0 0 0 1 0 0
1060 3 1 1 1 0 0 0 0 0
1066 3 0 0 0 0 0 1 0 0
1073 5 0 0 1 0 0 1 0 0
1075 1 0 0 0 0 0 0 0 0
1076 5 1 1 2 0 0 2 0 0
1078 5 0 0 1 0 0 1 0 0
1080 1 0 0 0 0 0 0 0 0
1086 3 1 1 1 0 0 0 0 0
1090 5 0 0 1 0 0 1 0 0
1091 3 0 0 0 0 0 0 0 0
1095 5 0 0 1 0 0 1 0 0
1096 3 0 0 0 0 0 0 0 0
1100 5 1 1 1 0 0 1 0 0
1101 1 0 0 1 0 0 0 0 0
1107 6 1 1 1 0 0 2 0 0
1109 2 0 0 1 0 0 0 0 0
1133 12 0 0 1 0 0 7 0 0
1139 3 1 1 2 0 0 0 0 0
1142 9 0 0 1 0 0 5 0 0
1144 10 1 1 2 0 0 5 0 0
1145 10 1 1 2 0 0 5 0 0
1146 13 2 2 1 0 0 6 0 0
1149 12 1 1 2 0 0 5 0 0
1157 2 0 0 1 0 0 1 0 0
1158 7 1 1 3 0 0 3 0 0
1159 2 0 0 1 0 0 1 0 0
1160 2 0 0 1 0 0 1 0 0
1161 1 0 0 0 0 0 1 0 0
1162 2 0 0 1 0 0 1 0 0
1163 1 0 0 0 0 0 1 0 0
fn=intel_check_word.constprop.0
120 648 0 0 324 6 6 0 0 0
123 324 0 0 0 0 0 0 0 0
129 192 1 1 0 0 0 120 0 0
133 48 1 1 0 0 0 0 0 0
135 12 0 0 0 0 0 0 0 0
139 168 0 0 0 0 0 0 0 0
141 144 0 0 0 0 0 0 0 0
143 60 0 0 0 0 0 0 0 0
145 180 2 2 0 0 0 0 0 0
153 120 1 1 0 0 0 0 0 0
162 24 1 1 0 0 0 0 0 0
165 99 1 1 0 0 0 0 0 0
168 123 0 0 0 0 0 0 0 0
172 58 0 0 0 0 0 0 0 0
174 189 0 0 0 0 0 0 0 0
177 98 0 0 0 0 0 0 0 0
178 90 0 0 0 0 0 0 0 0
179 78 0 0 0 0 0 0 0 0
180 66 1 1 0 0 0 0 0 0
182 11 1 1 0 0 0 0 0 0
184 22 0 0 0 0 0 0 0 0
186 12 1 1 0 0 0 0 0 0
187 16 0 0 0 0 0 0 0 0
188 12 0 0 0 0 0 0 0 0
189 20 0 0 0 0 0 0 0 0
190 14 0 0 0 0 0 0 0 0
191 9 0 0 0 0 0 0 0 0
193 8 1 1 0 0 0 0 0 0
194 12 0 0 0 0 0 0 0 0
197 21 0 0 0 0 0 0 0 0
200 2 0 0 0 0 0 0 0 0
204 192 0 0 0 0 0 0 0 0
212 120 0 0 48 0 0 0 0 0
219 24 0 0 0 0 0 0 0 0
226 168 1 1 0 0 0 0 0 0
257 144 0 0 144 0 0 0 0 0
fl=./elf/../sysdeps/x86/dl-get-cpu-features.c
fn=__x86_cpu_features
39 3 0 0 1 0 0 0 0 0
76 3 1 1 1 0 0 0 0 0
fn=_dl_x86_init_cpu_features
37 1 1 1 0 0 0 0 0 0
39 3 0 0 1 0 0 0 0 0
41 1 0 0 0 0 0 0 0 0
fl=./elf/../sysdeps/x86/dl-isa-level.h
fn=_dl_load_cache_lookup
28 24 0 0 8 0 0 8 0 0
fl=./elf/../sysdeps/x86/dl-prop.h
fn=_dl_map_object_from_fd
149 30 0 0 15 0 0 0 0 0
fn=_dl_process_pt_gnu_property
95 36 0 0 0 0 0 0 0 0
102 18 0 0 0 0 0 0 0 0
115 18 0 0 0 0 0 0 0 0
118 9 0 0 9 2 2 0 0 0
252 6 0 0 0 0 0 0 0 0
253 3 0 0 0 0 0 3 0 0
254 12 1 1 0 0 0 0 0 0
255 6 0 0 0 0 0 6 0 0
257 36 2 2 9 0 0 9 0 0
260 12 0 0 6 0 0 0 0 0
fn=dl_main
36 2 0 0 2 0 0 0 0 0
37 18 0 0 1 0 0 0 0 0
40 7 0 0 7 0 0 0 0 0
49 40 0 0 13 1 0 0 0 0
53 35 1 1 9 0 0 0 0 0
71 3 1 1 1 0 0 1 0 0
149 6 1 1 3 0 0 0 0 0
fl=./elf/../sysdeps/x86/get-isa-level.h
fn=_dl_hwcaps_subdirs_active
31 4 0 0 1 0 0 0 0 0
32 3 1 1 1 0 0 0 0 0
39 5 0 0 1 0 0 0 0 0
40 4 0 0 1 0 0 0 0 0
48 3 0 0 0 0 0 0 0 0
51 4 1 1 1 0 0 0 0 0
54 2 0 0 0 0 0 0 0 0
fn=update_active.constprop.0
28 1 0 0 0 0 0 0 0 0
30 1 0 0 1 0 0 0 0 0
31 3 0 0 0 0 0 0 0 0
32 3 1 1 1 0 0 0 0 0
39 4 0 0 0 0 0 0 0 0
40 3 0 0 1 0 0 0 0 0
47 1 0 0 0 0 0 0 0 0
48 3 1 1 0 0 0 0 0 0
51 4 0 0 1 0 0 0 0 0
54 2 0 0 0 0 0 0 0 0
63 5 0 0 0 0 0 0 0 0
fl=./elf/../sysdeps/x86_64/dl-cet.c
fn=_dl_cet_check
145 2 0 0 1 0 0 0 0 0
150 1 0 0 0 0 0 0 0 0
157 3 0 0 1 1 0 0 0 0
174 2 0 0 0 0 0 0 0 0
179 1 0 0 0 0 0 1 0 0
275 2 0 0 0 0 0 0 0 0
276 1 0 0 0 0 0 1 0 0
277 2 0 0 1 0 0 0 0 0
282 4 0 0 1 0 0 1 0 0
283 3 0 0 0 0 0 1 0 0
285 1 1 1 0 0 0 1 0 0
288 2 0 0 0 0 0 0 0 0
293 2 0 0 0 0 0 0 0 0
296 1 0 0 0 0 0 1 0 0
300 2 0 0 0 0 0 0 0 0
302 2 1 1 0 0 0 0 0 0
303 2 0 0 0 0 0 0 0 0
304 1 0 0 0 0 0 0 0 0
305 2 0 0 0 0 0 0 0 0
313 2 1 1 0 0 0 0 0 0
361 5 1 1 0 0 0 1 0 0
363 2 0 0 2 0 0 0 0 0
fn=_dl_cet_setup_features
331 1 1 1 0 0 0 0 0 0
334 2 0 0 0 0 0 0 0 0
350 1 1 1 1 0 0 0 0 0
fl=./elf/../sysdeps/x86_64/dl-hwcaps-subdirs.c
fn=_dl_hwcaps_subdirs_active
29 1 1 1 0 0 0 0 0 0
38 2 0 0 0 0 0 0 0 0
43 1 0 0 0 0 0 0 0 0
51 5 0 0 0 0 0 0 0 0
52 2 0 0 1 0 0 0 0 0
fl=./elf/../sysdeps/x86_64/dl-irel.h
fn=_dl_fixup
32 3 0 0 0 0 0 3 0 0
fl=./elf/../sysdeps/x86_64/dl-machine.h
fn=_dl_fixup
223 76 3 2 0 0 0 76 0 0
fn=_dl_relocate_object_no_relro
78 16 0 0 4 0 0 0 0 0
84 8 0 0 6 2 0 0 0 0
88 6 0 0 2 2 2 0 0 0
94 2 0 0 0 0 0 2 0 0
103 4 0 0 0 0 0 0 0 0
126 4 0 0 2 0 0 2 0 0
262 6904 0 0 0 0 0 0 0 0
269 6904 1 1 0 0 0 0 0 0
273 6904 0 0 0 0 0 0 0 0
282 34754 3 3 13892 8 3 0 0 0
285 10 0 0 0 0 0 10 0 0
286 13908 2 2 0 0 0 0 0 0
290 10 1 1 0 0 0 0 0 0
291 15 0 0 5 0 0 0 0 0
302 1621 1 1 0 0 0 0 0 0
309 25 1 1 10 0 0 5 0 0
312 20712 0 0 3452 6 5 0 0 0
315 45 0 0 0 0 0 45 0 0
318 45 0 0 0 0 0 0 0 0
341 8 1 1 0 0 0 0 0 0
342 12 0 0 8 2 1 4 3 2
347 6 0 0 2 0 0 0 0 0
349 4 0 0 4 0 0 0 0 0
358 4 0 0 2 0 0 2 0 0
395 48 1 1 16 0 0 0 0 0
397 64 0 0 16 1 0 0 0 0
401 48 1 1 32 2 2 0 0 0
410 32 0 0 16 0 0 16 5 5
418 9638 1 1 6209 357 350 3429 1107 470
455 3 1 1 1 0 0 0 0 0
459 4 0 0 1 0 0 2 0 0
460 4 1 1 2 1 1 0 0 0
461 5 0 0 3 0 0 0 0 0
462 2 0 0 0 0 0 0 0 0
471 164 0 0 164 0 0 0 0 0
473 82 0 0 0 0 0 82 0 0
474 82 0 0 0 0 0 82 2 2
493 5832 0 0 1944 489 487 0 0 0
498 3888 0 0 0 0 0 0 0 0
499 7776 0 0 3888 243 243 1944 523 521
509 2254 0 0 1127 0 0 0 0 0
513 2254 0 0 0 0 0 0 0 0
516 3381 0 0 1127 0 0 0 0 0
517 1127 0 0 1127 141 141 0 0 0
725 42 1 1 21 1 1 0 0 0
729 8 0 0 4 0 0 0 0 0
fn=_dl_start
55 2 1 1 0 0 0 0 0 0
273 3 0 0 0 0 0 0 0 0
282 10 1 1 4 1 1 0 0 0
286 4 0 0 0 0 0 0 0 0
312 4 0 0 0 0 0 0 0 0
fn=_dl_sysdep_start
209 1 0 0 0 0 0 1 0 0
fl=./elf/../sysdeps/x86_64/dl-runtime.h
fn=_dl_fixup
28 76 0 0 0 0 0 0 0 0
fl=./elf/../sysdeps/x86_64/dl-trampoline.h
fn=_dl_runtime_resolve_xsave
39 76 1 1 0 0 0 0 0 0
44 76 0 0 0 0 0 76 0 0
47 76 0 0 0 0 0 0 0 0
49 76 0 0 0 0 0 0 0 0
59 76 1 1 76 1 1 0 0 0
65 76 0 0 0 0 0 76 1 1
66 76 0 0 0 0 0 76 0 0
67 76 0 0 0 0 0 76 0 0
68 76 0 0 0 0 0 76 0 0
69 76 0 0 0 0 0 76 0 0
70 76 0 0 0 0 0 76 0 0
71 76 0 0 0 0 0 76 0 0
75 76 0 0 0 0 0 0 0 0
76 76 0 0 0 0 0 0 0 0
79 76 0 0 0 0 0 76 2 2
80 76 0 0 0 0 0 76 0 0
82 76 1 1 0 0 0 76 0 0
83 76 0 0 0 0 0 76 0 0
84 76 0 0 0 0 0 76 0 0
85 76 0 0 0 0 0 76 0 0
86 76 0 0 0 0 0 76 0 0
87 76 0 0 0 0 0 76 0 0
89 76 0 0 76 0 0 2508 19 19
96 76 0 0 76 0 0 0 0 0
97 76 0 0 76 0 0 0 0 0
98 76 0 0 0 0 0 76 1 1
99 76 1 1 0 0 0 0 0 0
104 76 0 0 0 0 0 0 0 0
105 76 0 0 0 0 0 0 0 0
106 76 0 0 2736 0 0 0 0 0
108 76 0 0 76 0 0 0 0 0
109 76 0 0 76 0 0 0 0 0
110 76 0 0 76 0 0 0 0 0
111 76 0 0 76 0 0 0 0 0
112 76 0 0 76 0 0 0 0 0
113 76 0 0 76 0 0 0 0 0
114 76 0 0 76 0 0 0 0 0
116 76 0 0 0 0 0 0 0 0
118 76 0 0 76 0 0 0 0 0
122 76 0 0 0 0 0 0 0 0
124 76 0 0 0 0 0 0 0 0
fl=./elf/../sysdeps/x86_64/tls_get_addr.S
fn=__tls_get_addr
29 2 1 1 0 0 0 0 0 0
30 2 0 0 2 0 0 0 0 0
31 2 1 1 2 1 1 0 0 0
33 2 0 0 2 1 1 0 0 0
34 2 0 0 0 0 0 0 0 0
35 2 0 0 2 1 1 0 0 0
38 2 0 0 0 0 0 0 0 0
39 2 0 0 2 0 0 0 0 0
43 2 0 0 0 0 0 0 0 0
44 2 0 0 0 0 0 0 0 0
45 2 0 0 2 0 0 0 0 0
46 2 0 0 2 0 0 0 0 0
fl=./elf/./dl-find_object.h
fn=_dl_find_object_from_map
103 14 0 0 0 0 0 0 0 0
105 14 1 1 7 3 2 7 2 2
106 14 0 0 7 0 0 7 1 1
107 7 0 0 0 0 0 7 0 0
115 14 0 0 0 0 0 7 2 2
116 14 0 0 0 0 0 7 0 0
121 28 1 1 14 6 6 0 0 0
122 284 0 0 0 0 0 0 0 0
124 436 0 0 90 72 72 0 0 0
127 21 0 0 14 4 4 7 0 0
132 7 1 1 0 0 0 0 0 0
143 14 0 0 0 0 0 0 0 0
148 7 0 0 7 0 0 0 0 0
149 7 0 0 7 0 0 0 0 0
fl=./elf/./dl-hwcaps.h
fn=_dl_important_hwcaps
43 14 1 1 0 0 0 6 0 0
45 6 0 0 0 0 0 6 0 0
46 1 0 0 0 0 0 0 0 0
77 8 0 0 3 0 0 5 0 0
78 8 0 0 3 0 0 5 0 0
79 5 0 0 0 0 0 0 0 0
fl=./elf/./dl-load.h
fn=_dl_map_object_from_fd
91 40 1 1 20 0 0 0 0 0
92 16 1 1 8 0 0 0 0 0
93 20 0 0 4 0 0 0 0 0
94 12 1 1 4 0 0 0 0 0
96 16 0 0 0 0 0 4 0 0
fl=./elf/./dl-main.h
fn=dl_main
109 5 1 1 4 0 0 1 0 0
fl=./elf/./dl-map-segments.h
fn=_dl_map_object_from_fd
29 15 0 0 5 0 0 0 0 0
30 40 0 0 20 0 0 5 0 0
82 5 0 0 5 0 0 0 0 0
102 5 1 1 0 0 0 5 0 0
103 10 0 0 0 0 0 0 0 0
106 15 0 0 5 0 0 5 0 0
107 10 0 0 0 0 0 5 0 0
109 10 0 0 5 0 0 0 0 0
126 5 1 1 5 0 0 0 0 0
136 80 0 0 20 0 0 0 0 0
138 60 0 0 30 0 0 0 0 0
140 135 1 1 60 0 0 15 0 0
141 15 0 0 0 0 0 0 0 0
150 80 0 0 40 0 0 0 0 0
156 10 0 0 5 0 0 0 0 0
157 5 0 0 0 0 0 0 0 0
158 15 0 0 5 0 0 0 0 0
159 10 0 0 0 0 0 0 0 0
161 15 0 0 0 0 0 0 0 0
166 10 1 1 0 0 0 0 0 0
169 15 0 0 5 0 0 0 0 0
177 45 0 0 10 0 0 15 0 0
183 10 0 0 0 0 0 0 0 0
186 14 0 0 2 0 0 10 0 0
189 18 2 2 2 0 0 4 0 0
192 4 0 0 0 0 0 0 0 0
194 6 1 1 0 0 0 2 0 0
224 20 1 1 0 0 0 0 0 0
fl=./elf/./dl-sym-post.h
fn=lookup_malloc_symbol
41 8 0 0 0 0 0 0 0 0
53 12 0 0 4 0 0 0 0 0
fl=./elf/./dl-tls_block_align.h
fn=_dl_allocate_tls_storage
23 1 0 0 1 0 0 0 0 0
41 2 1 1 1 0 0 0 0 0
47 5 0 0 0 0 0 0 0 0
48 1 0 0 0 0 0 0 0 0
52 305 1 1 0 0 0 297 37 37
fl=./elf/./elf/dl-audit.c
fn=_dl_audit_activity_map
29 1 1 1 0 0 0 0 0 0
31 4 1 1 2 0 0 0 0 0
fn=_dl_audit_activity_nsid
41 3 1 1 0 0 0 0 0 0
45 9 0 0 3 0 0 0 0 0
46 3 2 2 3 1 1 0 0 0
47 15 0 0 3 0 0 0 0 0
fn=_dl_audit_objclose
97 7 1 1 0 0 0 0 0 0
98 28 0 0 14 0 0 0 0 0
fn=_dl_audit_objopen
77 5 1 1 0 0 0 0 0 0
78 20 0 0 10 0 0 0 0 0
fn=_dl_audit_preinit
118 1 1 1 0 0 0 0 0 0
119 4 0 0 2 1 0 0 0 0
fl=./elf/./elf/dl-cache.c
fn=_dl_cache_libcmp
340 84 1 1 0 0 0 0 0 0
341 500 0 0 42 0 0 0 0 0
343 892 0 0 0 0 0 0 0 0
345 454 1 1 223 40 38 0 0 0
351 12 0 0 0 0 0 0 0 0
352 8 0 0 0 0 0 0 0 0
353 197 0 0 185 0 0 0 0 0
355 16 1 1 4 0 0 0 0 0
357 8 1 1 0 0 0 0 0 0
363 438 0 0 0 0 0 0 0 0
365 438 0 0 0 0 0 0 0 0
366 114 0 0 38 0 0 0 0 0
369 181 0 0 0 0 0 0 0 0
370 181 0 0 0 0 0 0 0 0
373 12 0 0 8 0 0 0 0 0
fn=_dl_load_cache_lookup
186 38 0 0 0 0 0 0 0 0
199 8 0 0 0 0 0 0 0 0
206 80 0 0 4 0 0 0 0 0
208 190 1 1 0 0 0 0 0 0
209 76 0 0 38 30 28 0 0 0
213 76 0 0 0 0 0 0 0 0
217 114 0 0 38 0 0 38 0 0
218 76 0 0 0 0 0 0 0 0
226 20 0 0 0 0 0 0 0 0
228 4 0 0 4 0 0 0 0 0
231 8 0 0 0 0 0 0 0 0
233 24 0 0 0 0 0 4 0 0
235 28 1 1 4 0 0 8 0 0
245 8 1 1 4 0 0 0 0 0
255 12 0 0 8 0 0 0 0 0
256 16 0 0 4 0 0 0 0 0
272 20 1 1 0 0 0 0 0 0
281 8 0 0 4 0 0 0 0 0
286 8 0 0 0 0 0 0 0 0
313 8 0 0 0 0 0 4 0 0
329 34 0 0 0 0 0 0 0 0
330 19 1 1 0 0 0 0 0 0
332 15 0 0 0 0 0 0 0 0
386 40 1 1 0 0 0 28 1 1
388 8 0 0 4 0 0 0 0 0
391 12 1 1 4 0 0 0 0 0
394 5 1 1 0 0 0 1 0 0
402 5 1 1 1 0 0 0 0 0
403 8 1 1 3 1 1 0 0 0
406 7 0 0 0 0 0 0 0 0
407 1 0 0 1 0 0 0 0 0
414 1 1 1 0 0 0 1 0 0
415 2 0 0 0 0 0 1 0 0
460 9 0 0 3 0 0 0 0 0
465 12 0 0 4 0 0 0 0 0
468 8 0 0 0 0 0 4 0 0
483 8 1 1 4 0 0 0 0 0
495 12 0 0 4 0 0 4 0 0
496 60 1 1 4 0 0 0 0 0
497 16 0 0 4 0 0 4 0 0
498 4 0 0 0 0 0 4 0 0
499 60 1 1 36 0 0 4 0 0
fn=_dl_unload_cache
508 3 1 1 0 0 0 1 0 0
509 4 0 0 1 1 1 0 0 0
511 2 0 0 1 0 0 1 0 0
512 1 0 0 0 0 0 1 0 0
516 1 1 1 0 0 0 1 0 0
518 2 0 0 2 0 0 0 0 0
fl=./elf/./elf/dl-call-libc-early-init.c
fn=_dl_call_libc_early_init
27 6 1 1 0 0 0 2 0 0
29 2 0 0 0 0 0 0 0 0
33 7 0 0 0 0 0 2 0 0
37 3 1 1 1 0 0 0 0 0
39 4 0 0 3 0 0 0 0 0
40 2 0 0 0 0 0 0 0 0
41 2 0 0 2 0 0 0 0 0
fl=./elf/./elf/dl-call_fini.c
fn=_dl_call_fini
24 56 1 1 0 0 0 28 0 0
28 14 0 0 7 0 0 0 0 0
32 7 0 0 7 0 0 0 0 0
34 7 0 0 7 7 7 0 0 0
35 14 0 0 0 0 0 0 0 0
38 25 1 1 10 1 0 0 0 0
39 10 0 0 10 5 5 0 0 0
42 28 0 0 0 0 0 0 0 0
43 6 0 0 6 5 5 6 0 0
47 7 0 0 7 6 5 0 0 0
48 14 0 0 0 0 0 0 0 0
49 15 0 0 10 4 4 0 0 0
50 37 1 1 30 0 0 0 0 0
fl=./elf/./elf/dl-catch.c
fn=_dl_catch_error
258 10 1 1 0 0 0 4 0 0
260 5 1 1 0 0 0 1 0 0
261 2 0 0 1 0 0 1 0 0
262 2 0 0 1 0 0 1 0 0
263 2 0 0 1 0 0 1 0 0
265 7 0 0 5 0 0 0 0 0
fn=_dl_catch_exception
58 39 0 0 13 1 1 0 0 0
59 26 1 1 13 1 1 13 0 0
69 26 0 0 13 0 0 0 0 0
70 65 0 0 13 0 0 26 0 0
208 104 2 2 0 0 0 65 3 3
211 26 0 0 0 0 0 0 0 0
218 13 0 0 0 0 0 0 0 0
232 65 1 1 0 0 0 13 1 1
239 78 1 1 0 0 0 13 0 0
241 39 0 0 26 0 0 13 0 0
243 52 0 0 13 0 0 26 0 0
252 39 0 0 39 0 0 0 0 0
fn=_dl_receive_error
58 2 0 0 1 0 0 0 0 0
59 1 1 1 1 0 0 0 0 0
69 2 0 0 1 0 0 0 0 0
70 2 0 0 0 0 0 2 0 0
190 5 1 1 0 0 0 3 0 0
192 1 0 0 1 0 0 0 0 0
196 1 0 0 0 0 0 1 0 0
198 2 0 0 0 0 0 1 0 0
201 1 0 0 0 0 0 1 0 0
202 4 0 0 4 0 0 0 0 0
fl=./elf/./elf/dl-debug.c
fn=_dl_debug_change_state
104 2 2 2 0 0 0 0 0 0
105 2 0 0 0 0 0 2 0 0
107 12 0 0 2 0 0 0 0 0
111 2 0 0 0 0 0 0 0 0
fn=_dl_debug_initialize
76 2 0 0 0 0 0 0 0 0
120 2 1 1 0 0 0 0 0 0
122 2 0 0 1 1 1 0 0 0
127 3 0 0 0 0 0 1 0 0
128 2 1 1 0 0 0 1 0 0
154 1 0 0 0 0 0 1 0 0
157 2 0 0 1 0 0 0 0 0
160 2 1 1 1 0 0 1 0 0
162 3 0 0 1 0 0 0 0 0
169 2 0 0 1 0 0 0 0 0
fn=_dl_debug_post_relocate
46 4 2 2 0 0 0 1 0 0
51 1 0 0 0 0 0 1 0 0
52 10 0 0 1 0 0 3 0 0
54 5 0 0 4 0 0 0 0 0
56 7 1 1 3 0 0 0 0 0
57 3 0 0 0 0 0 0 0 0
70 2 0 0 2 0 0 0 0 0
fn=_dl_debug_update
76 12 0 0 0 0 0 0 0 0
77 6 0 0 0 0 0 0 0 0
94 6 2 2 0 0 0 0 0 0
96 12 0 0 6 1 1 0 0 0
100 6 0 0 6 0 0 0 0 0
fl=./elf/./elf/dl-debug_state.c
fn=_dl_debug_state
28 2 2 2 0 0 0 0 0 0
29 2 0 0 2 0 0 0 0 0
fl=./elf/./elf/dl-deps.c
fn=_dl_map_object_deps
128 2 0 0 0 0 0 2 1 1
129 5 1 1 0 0 0 2 0 0
130 6 0 0 0 0 0 1 0 0
132 3 0 0 0 0 0 1 0 0
136 8 1 1 2 0 0 2 0 0
143 14 2 2 0 0 0 8 1 1
144 20 2 2 1 1 1 0 0 0
160 9 0 0 0 0 0 0 0 0
161 1 0 0 1 0 0 0 0 0
164 1 0 0 0 0 0 1 0 0
182 1 1 1 1 0 0 0 0 0
183 5 0 0 3 0 0 0 0 0
184 1 0 0 0 0 0 1 0 0
186 1 0 0 0 0 0 0 0 0
188 15 0 0 7 0 0 1 0 0
190 27 1 1 0 0 0 15 0 0
193 7 0 0 0 0 0 7 0 0
197 21 0 0 7 1 0 0 0 0
198 46 2 2 20 0 0 0 0 0
201 15 0 0 0 0 0 0 0 0
205 10 0 0 5 0 0 0 0 0
208 22 0 0 11 3 1 0 0 0
210 20 1 1 15 0 0 0 0 0
215 5 1 1 0 0 0 5 1 1
216 5 0 0 0 0 0 5 0 0
217 10 0 0 5 0 0 5 0 0
218 10 0 0 5 0 0 5 0 0
219 5 0 0 0 0 0 5 0 0
221 636 0 0 169 4 0 0 0 0
222 298 0 0 0 0 0 0 0 0
228 123 2 2 24 0 0 17 1 1
230 12 0 0 0 0 0 12 0 0
232 51 2 2 0 0 0 15 0 0
233 24 0 0 12 0 0 0 0 0
242 12 1 1 12 0 0 0 0 0
244 24 0 0 12 0 0 0 0 0
249 35 0 0 5 0 0 0 0 0
252 5 0 0 0 0 0 5 0 0
253 5 0 0 0 0 0 5 0 0
254 5 0 0 0 0 0 5 0 0
255 10 0 0 5 0 0 5 0 0
256 5 0 0 0 0 0 5 0 0
257 5 1 1 5 0 0 0 0 0
259 20 0 0 5 0 0 5 0 0
263 36 1 1 12 0 0 0 0 0
264 27 0 0 0 0 0 9 0 0
266 411 1 1 0 0 0 0 0 0
417 14 1 1 0 0 0 0 0 0
419 20 0 0 0 0 0 10 0 0
422 15 0 0 0 0 0 5 0 0
423 15 1 1 5 0 0 0 0 0
429 5 0 0 0 0 0 5 2 2
430 15 0 0 0 0 0 5 0 0
431 30 0 0 5 0 0 5 0 0
434 5 0 0 0 0 0 5 0 0
435 5 0 0 5 0 0 0 0 0
439 21 1 1 7 1 0 0 0 0
441 7 0 0 7 0 0 0 0 0
442 32 0 0 6 0 0 0 0 0
448 5 1 1 1 0 0 0 0 0
449 1 0 0 0 0 0 1 0 0
452 4 1 1 1 0 0 1 0 0
463 5 0 0 1 0 0 2 0 0
465 4 0 0 2 0 0 0 0 0
470 5 0 0 2 0 0 1 0 0
471 1 0 0 0 0 0 1 0 0
472 2 0 0 0 0 0 0 0 0
474 24 1 1 7 0 0 0 0 0
478 7 1 1 7 0 0 0 0 0
484 14 0 0 0 0 0 0 0 0
485 20 0 0 0 0 0 7 1 1
490 7 0 0 7 0 0 0 0 0
494 2 1 1 0 0 0 0 0 0
495 3 0 0 1 0 0 0 0 0
532 2 1 1 0 0 0 0 0 0
533 2 0 0 0 0 0 0 0 0
547 9 0 0 2 0 0 3 0 0
548 1 0 0 0 0 0 0 0 0
552 9 0 0 1 0 0 2 0 0
553 3 2 2 2 0 0 1 0 0
557 1 0 0 0 0 0 1 0 0
559 2 1 1 1 0 0 1 0 0
560 1 0 0 1 0 0 0 0 0
561 3 0 0 1 0 0 0 0 0
568 3 0 0 1 0 0 0 0 0
571 2 0 0 0 0 0 0 0 0
574 8 0 0 7 2 0 0 0 0
fn=openaux
61 72 1 1 0 0 0 24 1 1
64 132 0 0 48 0 0 24 0 0
65 12 0 0 12 0 0 0 0 0
68 12 0 0 12 0 0 0 0 0
69 36 0 0 36 0 0 0 0 0
fl=./elf/./elf/dl-environ.c
fn=_dl_next_ld_env_entry
28 3 1 1 0 0 0 0 0 0
29 3 0 0 3 0 0 0 0 0
32 190 0 0 64 0 0 0 0 0
34 124 1 1 62 0 0 0 0 0
35 18 0 0 9 0 0 0 0 0
37 2 0 0 0 0 0 0 0 0
40 4 0 0 0 0 0 2 0 0
42 2 0 0 2 0 0 0 0 0
45 60 0 0 0 0 0 0 0 0
fl=./elf/./elf/dl-execstack-tunable.c
fn=_dl_handle_execstack_tunable
24 4 1 1 0 0 0 1 0 0
25 9 1 1 1 0 0 1 0 0
39 2 0 0 2 0 0 0 0 0
fl=./elf/./elf/dl-find_object.c
fn=_dl_find_object_init
578 6 1 1 0 0 0 3 0 0
581 1 0 0 1 1 1 0 0 0
583 2 1 1 1 0 0 0 0 0
584 3 1 1 0 0 0 1 0 0
596 2 0 0 0 0 0 1 0 0
597 4 0 0 1 0 0 1 0 0
599 2 0 0 0 0 0 0 0 0
602 3 1 1 0 0 0 1 0 0
607 1 0 0 0 0 0 1 0 0
608 1 0 0 0 0 0 1 0 0
611 4 0 0 2 0 0 0 0 0
613 1 0 0 0 0 0 1 0 0
616 6 1 1 3 0 0 1 0 0
618 1 0 0 0 0 0 0 0 0
621 5 0 0 4 0 0 0 0 0
fn=_dlfo_process_initial
505 16 0 0 0 0 0 12 0 0
506 2 0 0 2 0 0 0 0 0
508 2 0 0 0 0 0 0 0 0
509 4 1 1 2 0 0 0 0 0
514 20 1 1 4 1 1 2 0 0
515 34 1 1 2 0 0 0 0 0
516 14 0 0 14 1 1 0 0 0
518 52 0 0 12 0 0 0 0 0
521 48 0 0 12 0 0 0 0 0
524 58 1 1 12 0 0 0 0 0
529 36 1 1 12 1 1 0 0 0
531 18 0 0 0 0 0 6 0 0
532 6 0 0 0 0 0 0 0 0
533 24 0 0 0 0 0 0 0 0
546 2 0 0 0 0 0 2 0 0
548 18 0 0 16 0 0 0 0 0
fn=_dlfo_sort_mappings
553 8 1 1 0 0 0 3 0 0
554 2 0 0 0 0 0 0 0 0
557 18 0 0 0 0 0 0 0 0
561 10 1 1 5 0 0 0 0 0
562 95 0 0 0 0 0 0 0 0
563 30 0 0 15 0 0 0 0 0
565 30 0 0 0 0 0 0 0 0
570 25 1 1 15 0 0 0 0 0
571 40 0 0 20 0 0 15 0 0
572 15 0 0 0 0 0 15 0 0
574 4 0 0 4 0 0 0 0 0
fl=./elf/./elf/dl-fini.c
fn=_dl_fini
26 10 1 1 0 0 0 7 0 0
43 1 0 0 0 0 0 0 0 0
46 12 1 1 1 1 1 0 0 0
49 2 1 1 1 1 1 1 0 0
51 1 0 0 1 1 1 0 0 0
54 2 0 0 0 0 0 0 0 0
56 5 0 0 2 0 0 0 0 0
61 1 0 0 0 0 0 1 0 0
63 4 1 1 0 0 0 2 0 0
68 17 1 1 2 0 0 0 0 0
72 1 0 0 0 0 0 0 0 0
74 25 0 0 8 2 2 0 0 0
76 14 1 1 7 2 2 0 0 0
78 14 0 0 0 0 0 0 0 0
80 14 0 0 0 0 0 7 0 0
81 7 0 0 0 0 0 7 6 6
82 7 0 0 0 0 0 0 0 0
86 7 0 0 7 2 2 0 0 0
93 6 1 1 0 0 0 0 0 0
94 6 0 0 0 0 0 0 0 0
100 6 0 0 0 0 0 3 0 0
109 2 1 1 1 0 0 1 0 0
114 42 0 0 16 0 0 0 0 0
116 7 0 0 7 0 0 0 0 0
118 14 0 0 7 0 0 0 0 0
120 28 1 1 0 0 0 21 0 0
123 14 0 0 0 0 0 7 0 0
128 7 0 0 7 0 0 0 0 0
131 2 0 0 0 0 0 0 0 0
135 5 0 0 1 0 0 1 0 0
141 6 1 1 2 0 0 1 0 0
143 1 0 0 0 0 0 0 0 0
147 2 0 0 1 0 0 0 0 0
154 8 0 0 7 1 1 0 0 0
fl=./elf/./elf/dl-hwcaps.c
fn=_dl_important_hwcaps
51 16 1 1 0 0 0 4 0 0
53 2 0 0 0 0 0 0 0 0
54 4 0 0 2 0 0 0 0 0
56 4 0 0 0 0 0 0 0 0
76 16 4 4 0 0 0 4 0 0
78 2 0 0 0 0 0 2 0 0
79 16 1 1 4 0 0 6 1 1
83 2 0 0 0 0 0 2 0 0
85 6 0 0 2 0 0 2 0 0
86 2 0 0 0 0 0 0 0 0
87 2 0 0 0 0 0 0 0 0
99 5 0 0 0 0 0 3 0 0
101 3 0 0 1 0 0 0 0 0
104 1 1 1 0 0 0 1 0 0
111 5 1 1 0 0 0 2 0 0
124 15 1 1 0 0 0 3 0 0
126 10 0 0 4 0 0 2 1 1
127 4 0 0 2 0 0 2 0 0
128 4 0 0 0 0 0 2 0 0
129 2 0 0 0 0 0 0 0 0
132 4 1 1 1 0 0 0 0 0
141 20 1 1 7 0 0 7 0 0
142 12 1 1 2 0 0 1 0 0
144 1 0 0 1 0 0 0 0 0
150 4 1 1 2 0 0 0 0 0
154 5 0 0 2 0 0 1 0 0
155 2 0 0 0 0 0 0 0 0
156 3 0 0 0 0 0 0 0 0
160 1 0 0 1 0 0 0 0 0
161 3 0 0 1 0 0 1 0 0
162 2 0 0 0 0 0 2 0 0
171 15 1 1 0 0 0 9 1 1
173 2 1 1 0 0 0 2 0 0
174 2 0 0 0 0 0 0 0 0
184 2 0 0 0 0 0 1 0 0
185 2 0 0 0 0 0 0 0 0
188 4 1 1 1 0 0 2 1 1
192 2 0 0 1 0 0 0 0 0
193 3 0 0 1 0 0 0 0 0
200 1 0 0 0 0 0 0 0 0
201 5 0 0 2 0 0 1 0 0
207 2 0 0 1 0 0 1 0 0
208 1 0 0 0 0 0 1 0 0
212 3 0 0 2 0 0 1 0 0
215 9 0 0 7 0 0 0 0 0
fl=./elf/./elf/dl-hwcaps_split.c
fn=_dl_hwcaps_split
25 2 1 1 0 0 0 0 0 0
26 3 0 0 1 0 0 0 0 0
27 1 0 0 0 0 0 0 0 0
47 1 0 0 1 0 0 0 0 0
fn=_dl_hwcaps_split_masked
26 33 0 0 11 0 0 0 0 0
30 24 1 1 12 0 0 12 0 0
34 84 0 0 18 1 1 0 0 0
35 12 1 1 0 0 0 6 0 0
36 24 0 0 0 0 0 0 0 0
41 27 0 0 0 0 0 9 0 0
42 18 0 0 0 0 0 0 0 0
43 9 0 0 0 0 0 3 0 0
45 24 0 0 0 0 0 9 0 0
51 110 2 2 0 0 0 66 0 0
55 5 0 0 0 0 0 0 0 0
56 9 0 0 9 0 0 0 0 0
57 27 0 0 0 0 0 9 0 0
58 24 0 0 6 0 0 0 0 0
60 6 0 0 0 0 0 0 0 0
62 88 1 1 77 0 0 0 0 0
67 12 0 0 0 0 0 0 0 0
fl=./elf/./elf/dl-init.c
fn=_dl_init
29 16 1 1 8 1 1 0 0 0
35 40 1 1 8 0 0 0 0 0
37 41 1 1 1 0 0 2 1 1
81 13 2 2 0 0 0 6 0 0
82 1 0 0 1 1 1 0 0 0
83 1 0 0 1 0 0 0 0 0
86 3 0 0 1 0 0 0 0 0
89 2 0 0 0 0 0 1 0 0
94 4 0 0 0 0 0 0 0 0
119 1 1 1 1 0 0 0 0 0
120 32 1 0 0 0 0 6 0 0
121 14 1 0 14 2 0 0 0 0
127 8 0 0 7 1 0 0 0 0
fn=call_init.part.0
26 84 2 1 0 0 0 42 0 0
43 21 1 1 7 0 0 7 0 0
46 21 0 0 14 6 6 0 0 0
47 2 0 0 0 0 0 0 0 0
51 12 0 0 6 0 0 0 0 0
59 18 0 0 6 4 3 0 0 0
60 24 1 1 8 4 3 4 0 0
63 6 0 0 6 5 4 0 0 0
64 12 0 0 0 0 0 0 0 0
70 15 0 0 10 5 5 0 0 0
72 45 0 0 10 0 0 0 0 0
73 70 0 0 0 0 0 0 0 0
74 80 1 1 20 5 5 20 0 0
76 56 0 0 49 1 0 0 0 0
fl=./elf/./elf/dl-load.c
fn=_dl_dst_count
228 84 1 1 0 0 0 48 1 1
231 24 0 0 0 0 0 12 0 0
234 24 0 0 0 0 0 0 0 0
235 12 0 0 0 0 0 0 0 0
254 84 1 1 60 0 0 0 0 0
fn=_dl_init_paths
680 13 1 1 0 0 0 8 0 0
694 4 1 1 0 0 0 2 0 0
699 1 0 0 0 0 0 1 1 1
701 2 0 0 0 0 0 0 0 0
708 5 0 0 0 0 0 0 0 0
709 1 0 0 1 0 0 0 0 0
713 4 1 1 0 0 0 1 1 1
715 5 0 0 2 0 0 0 0 0
721 1 0 0 0 0 0 1 0 0
722 1 0 0 0 0 0 1 0 0
730 9 0 0 0 0 0 4 0 0
732 7 0 0 3 0 0 4 0 0
735 5 1 1 0 0 0 4 3 3
736 7 1 1 3 1 1 4 1 1
737 1 0 0 0 0 0 0 0 0
740 12 0 0 3 1 1 0 0 0
741 9 0 0 1 0 0 0 0 0
742 18 0 0 4 0 0 5 0 0
744 28 1 1 6 0 0 7 0 0
750 1 0 0 0 0 0 1 0 0
751 1 0 0 0 0 0 1 0 0
756 1 1 1 1 0 0 0 0 0
759 3 0 0 0 0 0 0 0 0
761 4 1 1 1 0 0 0 0 0
763 3 0 0 1 0 0 0 0 0
780 1 0 0 0 0 0 1 0 0
782 3 1 1 1 0 0 0 0 0
796 2 2 2 0 0 0 1 0 0
799 5 1 1 2 0 0 0 0 0
801 22 3 3 2 0 0 2 0 0
805 4 0 0 0 0 0 0 0 0
806 60 0 0 15 0 0 0 0 0
807 14 1 1 0 0 0 0 0 0
808 28 0 0 0 0 0 0 0 0
810 1 0 0 0 0 0 1 0 0
811 1 0 0 0 0 0 0 0 0
812 2 0 0 0 0 0 0 0 0
818 7 0 0 1 0 0 1 0 0
821 3 0 0 2 0 0 0 0 0
827 1 0 0 0 0 0 1 0 0
831 8 0 0 7 0 0 0 0 0
fn=_dl_lookup_map
1917 78 1 1 0 0 0 39 0 0
1918 26 1 1 0 0 0 0 0 0
1919 26 0 0 13 1 1 0 0 0
1922 207 0 0 56 0 0 0 0 0
1927 357 1 1 102 0 0 0 0 0
1929 255 0 0 0 0 0 51 1 1
1931 130 0 0 43 0 0 0 0 0
1932 110 0 0 0 0 0 44 0 0
1944 5 0 0 0 0 0 0 0 0
1945 78 1 1 52 0 0 0 0 0
fn=_dl_map_new_object
656 39 2 2 13 0 0 0 0 0
659 4 1 1 0 0 0 0 0 0
662 6 2 2 2 0 0 0 0 0
665 2 1 1 0 0 0 2 0 0
666 1 0 0 0 0 0 0 0 0
670 20 0 0 0 0 0 12 0 0
1952 75 1 1 0 0 0 40 3 3
1954 5 0 0 0 0 0 5 0 0
1962 10 0 0 5 0 0 0 0 0
1969 5 0 0 0 0 0 5 1 1
1974 15 1 1 5 0 0 0 0 0
1988 25 0 0 0 0 0 5 1 1
1992 16 1 1 0 0 0 8 0 0
1994 8 0 0 4 0 0 0 0 0
2001 16 1 1 4 0 0 0 0 0
2005 4 1 1 4 0 0 0 0 0
2006 4 0 0 0 0 0 4 0 0
2010 27 1 1 17 0 0 0 0 0
2011 1 0 0 0 0 0 0 0 0
2025 8 0 0 4 0 0 0 0 0
2026 28 1 1 4 0 0 0 0 0
2036 8 1 1 0 0 0 0 0 0
2051 8 1 1 4 0 0 0 0 0
2052 64 1 1 4 0 0 16 0 0
2058 12 0 0 0 0 0 0 0 0
2059 1 0 0 0 0 0 0 0 0
2067 8 2 2 0 0 0 0 0 0
2069 12 0 0 4 0 0 0 0 0
2073 12 1 1 0 0 0 4 0 0
2075 8 0 0 0 0 0 0 0 0
2079 8 0 0 0 0 0 0 0 0
2087 8 1 1 4 0 0 0 0 0
2110 36 0 0 0 0 0 8 0 0
2114 12 1 1 4 0 0 0 0 0
2115 4 0 0 0 0 0 4 0 0
2132 8 0 0 4 0 0 0 0 0
2139 4 0 0 0 0 0 1 0 0
2140 2 1 1 0 0 0 0 0 0
2141 2 0 0 0 0 0 0 0 0
2145 9 1 1 0 0 0 2 0 0
2148 3 0 0 1 0 0 0 0 0
2160 15 0 0 0 0 0 0 0 0
2206 60 1 1 15 0 0 25 0 0
2208 40 0 0 35 0 0 0 0 0
fn=_dl_map_object
2213 182 1 1 0 0 0 78 2 2
2214 39 0 0 0 0 0 26 1 1
2215 39 1 1 13 0 0 0 0 0
2217 30 1 1 0 0 0 0 0 0
2218 99 0 0 86 0 0 0 0 0
fn=_dl_map_object_from_fd
948 70 0 0 0 0 0 45 2 2
963 20 1 1 5 0 0 5 0 0
984 10 1 1 0 0 0 5 0 0
999 95 0 0 40 0 0 0 0 0
1000 40 1 1 20 0 0 0 0 0
1018 10 1 1 5 0 0 0 0 0
1048 20 1 1 5 0 0 5 0 0
1054 5 1 1 0 0 0 0 0 0
1058 10 0 0 5 0 0 0 0 0
1065 40 1 1 25 0 0 5 0 0
1066 10 0 0 0 0 0 0 0 0
1077 10 0 0 5 0 0 5 4 4
1078 40 1 1 15 0 0 5 0 0
1079 10 1 1 5 0 0 5 0 0
1081 5 0 0 0 0 0 0 0 0
1082 20 0 0 10 0 0 0 0 0
1083 8 0 0 0 0 0 4 0 0
1086 16 2 2 1 0 0 1 0 0
1087 6 0 0 1 0 0 1 1 1
1098 5 0 0 0 0 0 5 0 0
1100 5 0 0 0 0 0 5 0 0
1102 100 2 2 10 0 0 10 0 0
1103 5 0 0 0 0 0 0 0 0
1104 5 1 1 0 0 0 5 0 0
1105 5 0 0 0 0 0 5 0 0
1106 5 0 0 0 0 0 0 0 0
1112 220 0 0 5 0 0 0 0 0
1113 557 2 2 65 13 13 0 0 0
1119 10 1 1 5 1 1 0 0 0
1126 13 0 0 8 0 0 5 0 0
1127 15 0 0 5 0 0 5 0 0
1128 50 1 1 10 0 0 5 0 0
1133 2 0 0 1 0 0 1 0 0
1134 1 0 0 0 0 0 0 0 0
1139 130 0 0 45 3 2 0 0 0
1147 60 0 0 0 0 0 0 0 0
1148 90 1 1 20 0 0 20 3 3
1149 120 0 0 20 2 2 20 0 0
1150 20 0 0 0 0 0 20 0 0
1151 40 0 0 20 1 1 20 3 3
1153 140 0 0 20 1 1 0 0 0
1155 40 1 1 0 0 0 20 2 2
1168 85 0 0 30 0 0 0 0 0
1173 20 0 0 0 0 0 0 0 0
1177 9 0 0 3 1 1 0 0 0
1181 12 1 1 0 0 0 3 3 3
1182 3 0 0 3 0 0 0 0 0
1186 15 0 0 0 0 0 3 1 1
1187 6 0 0 3 0 0 3 0 0
1190 3 0 0 0 0 0 3 1 1
1195 12 1 1 3 0 0 0 0 0
1211 5 0 0 0 0 0 0 0 0
1214 15 1 1 10 0 0 5 2 2
1219 20 0 0 10 0 0 0 0 0
1229 85 0 0 0 0 0 0 0 0
1230 40 0 0 0 0 0 20 0 0
1236 10 0 0 5 0 0 0 0 0
1246 20 1 1 10 0 0 0 0 0
1253 35 1 1 20 0 0 5 0 0
1269 20 1 1 10 0 0 0 0 0
1270 15 0 0 5 0 0 5 0 0
1276 14 0 0 2 0 0 0 0 0
1277 10 0 0 0 0 0 0 0 0
1279 10 1 1 0 0 0 0 0 0
1289 15 0 0 5 0 0 0 0 0
1308 15 0 0 5 0 0 5 0 0
1310 25 1 1 10 0 0 0 0 0
1330 15 0 0 5 2 2 0 0 0
1331 6 0 0 3 0 0 3 0 0
1337 165 0 0 15 0 0 0 0 0
1338 295 1 1 65 55 55 0 0 0
1344 85 0 0 0 0 0 5 0 0
1349 20 1 1 5 0 0 5 0 0
1362 10 0 0 5 0 0 0 0 0
1364 20 1 1 10 0 0 5 0 0
1366 10 0 0 5 0 0 0 0 0
1382 10 0 0 0 0 0 5 0 0
1386 10 0 0 5 0 0 0 0 0
1387 10 0 0 5 0 0 0 0 0
1404 10 0 0 5 0 0 0 0 0
1405 1 1 1 0 0 0 1 0 0
1408 20 0 0 10 0 0 10 0 0
1413 10 0 0 5 0 0 0 0 0
1418 10 0 0 5 0 0 0 0 0
1428 20 1 1 10 0 0 0 0 0
1429 21 0 0 0 0 0 3 0 0
1430 3 1 1 1 0 0 1 0 0
1436 10 0 0 5 0 0 0 0 0
1437 12 0 0 3 0 0 0 0 0
1442 6 0 0 0 0 0 3 0 0
1449 15 1 1 5 0 0 5 0 0
1452 10 0 0 5 0 0 0 0 0
1455 20 0 0 10 0 0 5 0 0
1457 5 0 0 0 0 0 0 0 0
1458 45 0 0 35 0 0 0 0 0
fn=_dl_notify_new_object
908 45 1 1 0 0 0 25 0 0
910 15 0 0 0 0 0 5 0 0
911 15 0 0 5 0 0 0 0 0
928 10 1 1 0 0 0 0 0 0
932 25 0 0 15 0 0 0 0 0
933 15 0 0 0 0 0 0 0 0
935 25 0 0 25 0 0 0 0 0
fn=_dl_process_pt_gnu_property
842 6 1 1 0 0 0 0 0 0
843 18 0 0 12 0 0 0 0 0
844 6 0 0 6 0 0 0 0 0
850 12 0 0 6 0 0 0 0 0
856 30 1 1 0 0 0 0 0 0
859 18 1 1 6 6 6 0 0 0
860 12 0 0 6 0 0 0 0 0
861 12 0 0 6 0 0 0 0 0
864 18 1 1 6 0 0 0 0 0
865 18 0 0 0 0 0 0 0 0
869 6 0 0 0 0 0 0 0 0
870 12 0 0 0 0 0 0 0 0
874 18 1 1 9 1 1 0 0 0
875 9 0 0 9 0 0 0 0 0
878 18 0 0 0 0 0 0 0 0
881 9 0 0 0 0 0 0 0 0
882 27 1 1 0 0 0 0 0 0
892 18 0 0 0 0 0 0 0 0
894 24 0 0 0 0 0 0 0 0
fn=expand_dynamic_string_token
231 6 0 0 0 0 0 2 0 0
234 4 1 1 0 0 0 0 0 0
375 16 1 1 0 0 0 10 1 1
389 4 0 0 0 0 0 0 0 0
400 10 0 0 10 0 0 0 0 0
fn=fillin_rpath.isra.0
442 18 2 2 0 0 0 12 0 0
446 1 0 0 0 0 0 0 0 0
448 12 0 0 4 0 0 2 0 0
455 2 0 0 1 0 0 0 0 0
457 6 1 1 1 0 0 2 0 0
461 2 0 0 0 0 0 0 0 0
466 3 0 0 0 0 0 1 0 0
467 2 0 0 0 0 0 0 0 0
474 4 1 1 1 0 0 0 0 0
479 2 1 1 0 0 0 1 0 0
483 15 0 0 5 0 0 0 0 0
484 8 1 1 4 0 0 0 0 0
502 4 1 1 1 0 0 1 0 0
506 3 0 0 2 0 0 0 0 0
508 2 1 1 0 0 0 0 0 0
512 1 0 0 0 0 0 1 0 0
513 2 0 0 1 0 0 0 0 0
514 4 0 0 0 0 0 2 0 0
515 1 0 0 0 0 0 1 0 0
517 2 0 0 1 0 0 0 0 0
523 7 0 0 1 0 0 0 0 0
524 11 1 1 1 0 0 0 0 0
525 4 2 2 0 0 0 3 0 0
527 2 0 0 1 0 0 1 0 0
528 3 0 0 1 0 0 0 0 0
529 1 0 0 0 0 0 1 0 0
535 2 0 0 1 0 0 1 0 0
536 1 0 0 0 0 0 1 0 0
539 3 0 0 0 0 0 1 0 0
545 1 0 0 0 0 0 1 0 0
548 8 0 0 7 0 0 0 0 0
fn=open_path
1760 32 1 1 0 0 0 24 1 1
1761 8 0 0 4 0 0 4 1 1
1764 4 0 0 0 0 0 4 0 0
1765 4 0 0 0 0 0 4 0 0
1767 8 1 1 0 0 0 0 0 0
1770 8 0 0 0 0 0 0 0 0
1772 84 3 3 12 1 1 12 1 1
1775 8 0 0 8 0 0 0 0 0
1783 12 1 1 4 0 0 0 0 0
1790 32 0 0 16 0 0 8 1 1
1791 87 2 2 24 0 0 4 0 0
1794 24 0 0 12 0 0 0 0 0
1799 66 1 1 30 0 0 12 0 0
1802 12 0 0 0 0 0 6 0 0
1808 12 1 1 6 0 0 0 0 0
1809 8 0 0 0 0 0 8 0 0
1811 48 0 0 24 0 0 6 0 0
1813 18 0 0 6 0 0 0 0 0
1815 6 0 0 0 0 0 0 0 0
1821 18 2 2 12 0 0 0 0 0
1827 9 1 1 6 0 0 3 0 0
1829 27 0 0 3 0 0 11 0 0
1830 3 0 0 1 0 0 0 0 0
1832 3 0 0 0 0 0 0 0 0
1834 8 1 1 1 0 0 4 0 0
1839 12 0 0 3 0 0 0 0 0
1841 6 0 0 0 0 0 0 0 0
1890 32 0 0 8 0 0 4 2 2
1894 4 0 0 4 0 0 0 0 0
1896 16 1 1 12 0 0 0 0 0
1899 12 0 0 8 0 0 0 0 0
1913 36 0 0 28 0 0 0 0 0
fn=open_verify.constprop.0
1511 132 2 2 0 0 0 88 3 3
1543 33 0 0 11 0 0 0 0 0
1548 12 1 1 0 0 0 0 0 0
1562 55 0 0 0 0 0 11 0 0
1564 22 0 0 0 0 0 0 0 0
1572 5 1 1 0 0 0 5 0 0
1573 10 0 0 0 0 0 5 1 1
1578 20 0 0 0 0 0 5 0 0
1579 10 0 0 0 0 0 0 0 0
1580 10 0 0 0 0 0 0 0 0
1582 15 0 0 5 0 0 5 0 0
1584 10 0 0 0 0 0 0 0 0
1590 10 1 1 0 0 0 0 0 0
1605 74 2 2 23 0 0 0 0 0
1688 10 0 0 5 0 0 0 0 0
1693 10 0 0 5 0 0 0 0 0
1701 20 1 1 5 0 0 0 0 0
1707 10 0 0 5 1 1 0 0 0
1713 10 0 0 5 1 1 0 0 0
1714 20 0 0 5 0 0 0 0 0
1718 15 2 2 1 0 0 0 0 0
1719 5 0 0 0 0 0 1 0 0
1742 12 1 1 6 0 0 0 0 0
1747 99 1 1 77 0 0 0 0 0
fl=./elf/./elf/dl-lookup-direct.c
fn=_dl_lookup_direct
32 15 1 1 9 0 0 0 0 0
33 9 0 0 0 0 0 0 0 0
35 6 0 0 3 3 3 0 0 0
36 6 0 0 3 0 0 0 0 0
48 9 0 0 3 0 0 3 0 0
51 6 0 0 6 0 0 0 0 0
53 21 1 1 6 0 0 6 0 0
57 9 0 0 9 3 3 0 0 0
58 18 0 0 9 1 1 0 0 0
59 15 1 1 6 0 0 3 0 0
74 39 2 2 0 0 0 27 0 0
76 6 0 0 3 0 0 0 0 0
78 18 0 0 9 3 3 0 0 0
79 6 0 0 0 0 0 0 0 0
81 15 1 1 3 0 0 3 0 0
84 25 0 0 5 3 3 0 0 0
86 9 0 0 3 0 0 0 0 0
93 6 1 1 0 0 0 0 0 0
115 3 0 0 0 0 0 0 0 0
116 27 0 0 21 0 0 0 0 0
fl=./elf/./elf/dl-lookup.c
fn=_dl_lookup_symbol_x
767 28410 7 3 0 0 0 17046 6 5
769 3788 0 0 0 0 0 1894 1 1
770 3788 5 3 0 0 0 1894 0 0
771 5682 5 3 1894 0 0 0 0 0
773 1894 0 0 1894 3 1 0 0 0
777 7536 0 0 1874 0 0 0 0 0
780 3788 0 0 1894 0 0 0 0 0
782 3788 0 0 3788 5 2 0 0 0
786 20914 0 0 16 0 0 5682 0 0
787 32198 3 2 13258 0 0 13258 7 5
792 7576 2 2 3788 0 0 0 0 0
794 112 1 1 32 0 0 0 0 0
811 16 1 1 0 0 0 16 0 0
812 32 0 0 0 0 0 0 0 0
815 1878 0 0 1878 3 0 0 0 0
816 13126 0 0 1873 0 0 0 0 0
823 1878 0 0 1878 0 0 0 0 0
851 7512 0 0 1878 0 0 0 0 0
865 5634 2 2 1878 15 7 0 0 0
866 2 2 2 0 0 0 1 0 0
868 3756 0 0 1878 0 0 0 0 0
885 3756 0 0 1878 0 0 1878 0 0
887 17046 0 0 13258 0 0 0 0 0
fn=check_match
70 20690 2 2 1885 91 70 7520 25 12
73 15080 1 1 3770 220 184 0 0 0
78 6 0 0 0 0 0 0 0 0
86 9400 0 0 0 0 0 0 0 0
89 4404 0 0 184 0 0 92 0 0
93 3760 0 0 3760 8 5 0 0 0
94 3760 0 0 0 0 0 0 0 0
98 3752 1 1 0 0 0 0 0 0
102 3752 0 0 3752 50 36 0 0 0
103 16884 0 0 7504 13 11 0 0 0
104 16866 1 1 7496 8 3 5622 0 0
109 6 1 1 2 0 0 0 0 0
110 2 0 0 2 0 0 0 0 0
111 4 0 0 2 0 0 0 0 0
112 7 0 0 3 0 0 1 0 0
115 2 0 0 1 0 0 1 0 0
141 8 0 0 0 0 0 0 0 0
143 24 0 0 8 3 1 0 0 0
144 16 1 1 0 0 0 0 0 0
147 2 0 0 0 0 0 0 0 0
158 1878 0 0 0 0 0 0 0 0
159 13170 0 0 9405 0 0 0 0 0
fn=do_lookup_x
167 230 0 0 2 0 0 0 0 0
168 306 2 2 76 0 0 2 0 0
169 940 2 2 250 59 58 0 0 0
171 98 0 0 0 0 0 0 0 0
172 294 0 0 0 0 0 0 0 0
173 528 2 2 0 0 0 0 0 0
176 152 0 0 0 0 0 152 0 0
177 152 0 0 0 0 0 152 0 0
178 82 0 0 0 0 0 82 0 0
179 152 0 0 0 0 0 152 0 0
180 70 0 0 0 0 0 0 0 0
219 328 1 1 82 0 0 246 0 0
221 492 0 0 82 2 1 164 0 0
223 164 1 1 82 2 2 0 0 0
224 81 0 0 81 0 0 0 0 0
225 328 0 0 164 0 0 0 0 0
227 2406 2 2 1 0 0 578 0 0
228 486 0 0 81 0 0 0 0 0
231 352 1 1 176 0 0 0 0 0
232 176 0 0 176 78 46 0 0 0
251 352 0 0 0 0 0 0 0 0
254 95 0 0 0 0 0 0 0 0
255 285 0 0 0 0 0 0 0 0
256 322 1 1 46 0 0 0 0 0
259 1134 1 1 567 0 0 0 0 0
266 14 1 1 0 0 0 10 0 0
269 4 0 0 0 0 0 0 0 0
276 288 1 1 6 0 0 0 0 0
277 276 1 1 92 14 2 0 0 0
278 350 0 0 210 0 0 0 0 0
282 14 1 1 4 0 0 6 0 0
283 2 0 0 0 0 0 2 0 0
284 2 0 0 0 0 0 0 0 0
285 8 0 0 4 0 0 2 0 0
286 4 0 0 2 0 0 2 0 0
297 2 0 0 1 0 0 0 0 0
299 2 0 0 0 0 0 0 0 0
302 1 0 0 0 0 0 1 0 0
303 1 1 1 0 0 0 1 0 0
304 2 0 0 1 0 0 1 0 0
307 164 0 0 82 0 0 0 0 0
308 410 0 0 164 0 0 0 0 0
315 328 0 0 82 0 0 0 0 0
326 328 1 1 164 0 0 82 0 0
328 164 0 0 164 0 0 82 0 0
330 246 0 0 164 0 0 82 0 0
331 164 0 0 0 0 0 82 0 0
344 28410 1 1 3788 0 0 18940 8 6
350 1894 1 1 1894 2 1 0 0 0
351 1894 0 0 1894 0 0 0 0 0
355 18206 1 1 18206 21 11 0 0 0
358 12138 1 1 0 0 0 0 0 0
362 12148 0 0 5 0 0 2 0 0
383 12136 1 1 6068 23 10 0 0 0
387 12136 0 0 6068 3 2 0 0 0
393 18204 0 0 6068 12 5 0 0 0
397 6068 0 0 0 0 0 6068 0 0
398 6068 1 1 0 0 0 6068 0 0
401 30340 0 0 18204 70 23 0 0 0
402 18204 0 0 12136 54 5 6068 0 0
405 6068 0 0 6068 0 0 0 0 0
406 12136 0 0 0 0 0 0 0 0
408 6068 0 0 6068 684 207 0 0 0
409 17046 0 0 3788 0 0 3788 0 0
410 12136 0 0 12136 0 0 0 0 0
413 24272 0 0 6068 0 0 0 0 0
416 42476 0 0 0 0 0 0 0 0
419 3986 0 0 3986 747 239 0 0 0
420 5979 1 1 0 0 0 0 0 0
421 3986 0 0 0 0 0 0 0 0
423 3982 0 0 1991 0 0 0 0 0
426 24695 1 1 4939 1370 560 0 0 0
428 5655 0 0 0 0 0 0 0 0
429 50176 2 2 15080 0 0 25247 15 11
430 3770 1 1 0 0 0 0 0 0
433 20671 1 1 9385 0 0 0 0 0
436 9186 0 0 0 0 0 0 0 0
445 798 2 2 570 0 0 0 0 0
467 229 2 2 115 0 0 0 0 0
469 2 0 0 0 0 0 0 0 0
473 3756 1 1 0 0 0 0 0 0
480 9932 0 0 1878 0 0 0 0 0
484 3696 2 2 1232 1 0 0 0 0
488 1 1 1 0 0 0 1 0 0
496 3592 0 0 1796 0 0 1796 0 0
497 1796 0 0 0 0 0 1796 0 0
498 1878 0 0 0 0 0 0 0 0
515 12573 0 0 8380 0 0 0 0 0
518 32 1 1 0 0 0 0 0 0
519 15152 0 0 13258 0 0 0 0 0
fl=./elf/./elf/dl-minimal-malloc.c
fn=__minimal_calloc
80 85 1 1 0 0 0 0 0 0
84 17 0 0 0 0 0 0 0 0
87 17 0 0 0 0 0 0 0 0
88 51 0 0 0 0 0 0 0 0
fn=__minimal_free
97 3 1 1 0 0 0 0 0 0
99 12 0 0 6 0 0 0 0 0
fn=__minimal_malloc
36 60 1 1 0 0 0 9 0 0
37 126 0 0 42 2 1 0 0 0
42 3 0 0 0 0 0 1 0 0
43 2 1 1 1 0 0 0 0 0
44 2 0 0 0 0 0 0 0 0
48 167 0 0 41 0 0 42 0 0
51 282 1 1 0 0 0 0 0 0
56 12 0 0 3 0 0 0 0 0
57 12 0 0 0 0 0 0 0 0
59 3 0 0 0 0 0 0 0 0
60 21 1 1 0 0 0 3 1 1
62 6 0 0 0 0 0 0 0 0
64 15 0 0 0 0 0 6 0 0
65 12 0 0 6 0 0 0 0 0
67 6 0 0 0 0 0 3 0 0
70 44 1 1 1 0 0 42 3 3
71 45 0 0 0 0 0 42 0 0
73 54 0 0 51 0 0 0 0 0
fl=./elf/./elf/dl-minimal.c
fn=__rtld_malloc_init_real
76 10 1 1 0 0 0 6 0 0
86 2 0 0 0 0 0 1 0 0
88 1 0 0 0 0 0 1 0 0
89 1 0 0 0 0 0 1 0 0
91 4 1 1 0 0 0 1 0 0
92 5 0 0 0 0 0 1 0 0
93 5 0 0 0 0 0 1 0 0
94 4 1 1 0 0 0 1 0 0
99 1 0 0 0 0 0 1 0 0
100 1 0 0 0 0 0 1 0 0
101 1 0 0 0 0 0 1 0 0
102 1 0 0 0 0 0 1 1 1
103 8 0 0 7 0 0 0 0 0
fn=__rtld_malloc_init_stubs
42 1 1 1 0 0 0 0 0 0
43 2 0 0 0 0 0 1 1 1
44 2 0 0 0 0 0 1 0 0
45 2 0 0 0 0 0 1 0 0
46 2 0 0 0 0 0 1 1 1
47 1 0 0 1 0 0 0 0 0
fn=lookup_malloc_symbol
61 24 1 1 0 0 0 8 0 0
63 4 0 0 0 0 0 4 0 0
64 32 1 1 4 0 0 12 0 0
68 32 0 0 16 0 0 0 0 0
69 24 1 1 12 0 0 0 0 0
71 4 0 0 0 0 0 4 0 0
72 12 0 0 12 0 0 0 0 0
fn=strsep
239 2 1 1 0 0 0 0 0 0
242 6 0 0 2 1 1 0 0 0
244 2 0 0 2 0 0 0 0 0
245 4 0 0 0 0 0 0 0 0
247 3 0 0 0 0 0 0 0 0
249 47 0 0 15 0 0 0 0 0
251 28 0 0 0 0 0 0 0 0
254 56 1 1 28 0 0 0 0 0
256 84 0 0 28 0 0 0 0 0
264 14 0 0 0 0 0 0 0 0
267 1 0 0 0 0 0 1 0 0
271 4 0 0 2 0 0 0 0 0
fl=./elf/./elf/dl-misc.c
fn=_dl_higher_prime_number
85 2 0 0 0 0 0 0 0 0
122 2 0 0 0 0 0 0 0 0
123 2 0 0 0 0 0 0 0 0
125 26 2 2 0 0 0 0 0 0
127 80 0 0 0 0 0 0 0 0
128 30 0 0 10 4 2 0 0 0
129 6 0 0 0 0 0 0 0 0
131 7 0 0 0 0 0 0 0 0
143 2 0 0 2 0 0 0 0 0
144 2 0 0 2 0 0 0 0 0
fn=_dl_name_match_p
68 812 1 1 0 0 0 348 1 1
69 464 0 0 116 0 0 116 0 0
70 136 0 0 0 0 0 0 0 0
72 116 0 0 116 1 0 0 0 0
74 458 0 0 0 0 0 0 0 0
75 665 1 1 133 0 0 133 0 0
78 113 0 0 113 0 0 0 0 0
80 96 0 0 0 0 0 0 0 0
81 464 0 0 464 0 0 0 0 0
fn=_dl_sysdep_read_whole_file
36 8 1 1 0 0 0 3 0 0
39 3 0 0 0 0 0 1 0 0
40 3 0 0 0 0 0 0 0 0
42 7 1 1 1 0 0 2 0 0
44 2 0 0 1 0 0 1 0 0
47 2 0 0 0 0 0 0 0 0
49 9 1 1 1 0 0 2 0 0
60 4 0 0 1 0 0 2 0 0
63 6 0 0 4 0 0 0 0 0
fl=./elf/./elf/dl-object.c
fn=_dl_add_to_namespace_list
31 42 1 1 0 0 0 18 0 0
33 12 0 0 6 0 0 6 0 0
35 40 1 1 6 0 0 0 0 0
38 80 0 0 20 0 0 0 0 0
40 5 0 0 0 0 0 5 0 0
42 5 0 0 0 0 0 5 0 0
45 2 1 1 0 0 0 1 0 0
46 12 0 0 6 0 0 0 0 0
47 12 0 0 6 1 1 6 0 0
48 12 0 0 0 0 0 6 0 0
50 12 0 0 6 0 0 0 0 0
51 18 0 0 18 0 0 0 0 0
fn=_dl_new_object
59 90 1 1 0 0 0 60 3 3
62 12 0 0 0 0 0 0 0 0
64 2 1 1 0 0 0 0 0 0
66 3 1 1 1 0 0 0 0 0
67 6 0 0 1 0 0 1 0 0
71 2 0 0 0 0 0 0 0 0
77 1 0 0 0 0 0 0 0 0
80 5 0 0 5 0 0 0 0 0
83 31 1 1 0 0 0 16 1 1
87 10 0 0 0 0 0 0 0 0
92 5 0 0 0 0 0 0 0 0
95 12 0 0 0 0 0 0 0 0
98 6 1 1 0 0 0 6 4 4
99 18 0 0 6 0 0 6 6 6
103 12 0 0 0 0 0 6 2 2
104 42 0 0 12 0 0 18 0 0
106 6 0 0 0 0 0 6 0 0
119 28 1 1 17 0 0 0 0 0
123 5 0 0 0 0 0 0 0 0
125 1 0 0 0 0 0 0 0 0
127 42 0 0 12 6 6 12 0 0
130 12 0 0 6 0 0 0 0 0
131 12 1 1 0 0 0 6 6 6
132 6 1 1 0 0 0 6 0 0
136 12 0 0 6 0 0 6 0 0
139 40 0 0 0 0 0 0 0 0
141 20 1 1 0 0 0 16 4 4
149 12 0 0 0 0 0 6 0 0
150 6 0 0 0 0 0 6 6 6
153 1 0 0 0 0 0 0 0 0
155 30 1 1 12 1 1 0 0 0
157 20 0 0 0 0 0 5 4 4
160 14 0 0 0 0 0 0 0 0
164 24 0 0 6 0 0 0 0 0
168 35 1 1 5 0 0 0 0 0
176 1 1 1 0 0 0 1 0 0
179 12 0 0 0 0 0 6 0 0
189 24 0 0 12 0 0 0 0 0
191 20 1 1 0 0 0 10 0 0
195 15 0 0 0 0 0 0 0 0
199 10 0 0 0 0 0 0 0 0
200 10 0 0 0 0 0 0 0 0
208 5 0 0 0 0 0 0 0 0
212 5 0 0 0 0 0 0 0 0
245 20 1 1 10 0 0 5 0 0
250 168 0 0 0 0 0 0 0 0
251 168 0 0 84 0 0 0 0 0
255 10 0 0 0 0 0 0 0 0
256 5 0 0 0 0 0 5 0 0
259 5 0 0 0 0 0 5 1 1
263 54 1 1 42 0 0 0 0 0
fl=./elf/./elf/dl-reloc.c
fn=_dl_protect_relro
352 6 2 2 0 0 0 2 0 0
353 3 0 0 1 0 0 0 0 0
356 6 1 1 3 0 0 0 0 0
359 2 0 0 0 0 0 0 0 0
363 2 0 0 0 0 0 0 0 0
364 7 0 0 0 0 0 1 0 0
370 3 0 0 3 0 0 0 0 0
fn=_dl_relocate_object
343 38 2 1 0 0 0 12 0 0
344 18 0 0 10 0 0 0 0 0
346 6 1 1 0 0 0 6 0 0
348 18 0 0 18 1 1 0 0 0
353 18 1 0 6 5 2 0 0 0
356 36 0 0 18 0 0 0 0 0
359 12 0 0 0 0 0 0 0 0
363 12 0 0 0 0 0 0 0 0
364 36 1 1 0 0 0 6 0 0
fn=_dl_relocate_object_no_relro
170 14136 1 1 3534 1674 1415 0 0 0
171 6872 0 0 0 0 0 0 0 0
174 23174 1 1 3436 6 2 0 0 0
175 19468 1 1 1623 0 0 0 0 0
177 1623 0 0 1623 0 0 0 0 0
178 4869 2 1 1623 0 0 1623 0 0
182 3626 1 1 0 0 0 0 0 0
183 1813 0 0 0 0 0 1813 0 0
184 1813 1 1 0 0 0 1813 0 0
186 14510 1 1 7252 4 1 6 0 0
187 9035 0 0 1807 51 22 1807 0 0
188 3614 0 0 0 0 0 0 0 0
190 12800 2 2 3626 0 0 5501 3 2
193 1813 0 0 1813 0 0 0 0 0
194 12691 1 1 5439 1 0 1813 2 1
196 1623 0 0 1623 0 0 0 0 0
207 91 2 2 0 0 0 56 0 0
217 8 0 0 4 0 0 0 0 0
220 7 0 0 0 0 0 0 0 0
223 14 0 0 0 0 0 0 0 0
226 21 0 0 7 1 1 0 0 0
246 21 1 1 7 0 0 0 0 0
247 14 1 1 7 6 3 0 0 0
248 6 1 1 0 0 0 0 0 0
250 14 1 1 0 0 0 0 0 0
257 28 0 0 7 2 1 7 0 0
296 11661 10 10 1280 237 222 51 1 1
298 28 0 0 0 0 0 0 0 0
321 7 0 0 7 0 0 0 0 0
324 14 0 0 7 0 0 0 0 0
338 56 1 1 49 3 1 0 0 0
fl=./elf/./elf/dl-runtime.c
fn=_dl_fixup
46 760 0 0 0 0 0 456 0 0
48 608 0 0 304 4 4 0 0 0
49 228 0 0 152 0 0 0 0 0
54 76 0 0 76 2 2 0 0 0
55 304 2 2 76 8 2 0 0 0
56 532 0 0 76 60 20 76 1 1
58 76 0 0 76 4 2 0 0 0
63 152 0 0 0 0 0 0 0 0
67 152 0 0 76 75 65 0 0 0
69 380 0 0 76 12 9 0 0 0
71 228 6 2 76 2 2 0 0 0
75 228 0 0 152 62 32 0 0 0
76 304 0 0 76 1 1 0 0 0
84 76 1 1 0 0 0 0 0 0
85 228 0 0 76 1 1 0 0 0
95 760 0 0 152 2 2 228 0 0
99 380 7 2 228 0 0 0 0 0
109 760 0 0 304 1 1 76 0 0
123 3 2 2 0 0 0 3 0 0
124 304 5 2 76 0 0 0 0 0
125 9 2 2 3 0 0 3 0 0
133 228 0 0 76 0 0 0 0 0
159 228 0 0 76 1 1 0 0 0
163 608 0 0 532 0 0 0 0 0
fl=./elf/./elf/dl-setup_hash.c
fn=_dl_setup_hash
25 7 1 1 0 0 0 0 0 0
28 21 0 0 7 0 0 0 0 0
31 21 0 0 14 0 0 0 0 0
32 14 1 1 7 7 7 7 0 0
33 7 0 0 7 0 0 0 0 0
34 7 0 0 7 1 1 0 0 0
36 21 0 0 0 0 0 0 0 0
37 7 0 0 0 0 0 7 0 0
38 21 0 0 7 0 0 7 0 0
40 7 0 0 0 0 0 7 0 0
41 14 0 0 0 0 0 0 0 0
43 7 1 1 0 0 0 7 0 0
45 28 0 0 0 0 0 7 0 0
50 7 0 0 7 0 0 0 0 0
fl=./elf/./elf/dl-sort-maps.c
fn=_dl_sort_maps
140 64 0 0 14 0 0 24 0 0
181 2 0 0 0 0 0 2 0 0
182 2 0 0 2 0 0 0 0 0
183 52 0 0 0 0 0 0 0 0
184 28 2 2 28 0 0 0 0 0
211 32 4 4 2 0 0 0 0 0
216 8 0 0 0 0 0 4 0 0
218 8 2 2 0 0 0 2 0 0
219 10 0 0 2 0 0 2 0 0
221 44 0 0 0 0 0 0 0 0
223 14 0 0 14 0 0 0 0 0
226 52 2 2 24 0 0 0 0 0
244 14 0 0 6 0 0 0 0 0
263 6 2 2 0 0 0 2 0 0
276 8 0 0 2 0 0 0 0 0
283 2 2 2 0 0 0 0 0 0
298 26 1 1 0 0 0 14 0 0
306 6 0 0 2 1 1 0 0 0
310 16 0 0 14 0 0 0 0 0
fn=_dl_sort_maps_init
289 4 2 2 0 0 0 1 0 0
290 4 0 0 0 0 0 1 0 0
291 1 0 0 0 0 0 1 0 0
292 3 0 0 1 0 0 0 0 0
293 2 0 0 2 0 0 0 0 0
fn=dfs_traversal.part.0
135 70 1 1 0 0 0 14 0 0
140 82 0 0 35 0 0 10 0 0
143 14 0 0 14 0 0 0 0 0
145 42 1 1 14 2 2 0 0 0
147 183 0 0 56 7 7 0 0 0
156 49 1 1 7 0 0 0 0 0
171 42 0 0 14 0 0 14 0 0
172 14 1 1 0 0 0 14 0 0
173 28 0 0 28 0 0 0 0 0
fl=./elf/./elf/dl-tunables.c
fn=__GI___tunable_set_val
73 54 0 0 6 0 0 0 0 0
83 6 0 0 6 0 0 0 0 0
94 24 1 1 12 0 0 0 0 0
95 30 0 0 12 0 0 0 0 0
99 12 0 0 0 0 0 0 0 0
101 24 0 0 0 0 0 0 0 0
105 6 0 0 0 0 0 0 0 0
112 12 1 1 0 0 0 0 0 0
113 12 0 0 0 0 0 0 0 0
116 12 1 1 0 0 0 6 0 0
117 6 0 0 0 0 0 6 0 0
118 6 0 0 0 0 0 6 0 0
119 6 0 0 0 0 0 6 0 0
162 24 1 1 0 0 0 0 0 0
166 6 0 0 6 0 0 0 0 0
fn=__GI___tunables_init
43 315 1 1 63 0 0 0 0 0
46 62 0 0 0 0 0 0 0 0
49 6459 1 1 905 30 30 0 0 0
53 124 0 0 0 0 0 0 0 0
57 62 0 0 0 0 0 0 0 0
188 62 1 1 0 0 0 0 0 0
255 1 0 0 0 0 0 0 0 0
294 11 2 2 0 0 0 6 0 0
300 3 0 0 1 0 0 0 0 0
304 32 0 0 0 0 0 27 4 4
306 1 0 0 0 0 0 0 0 0
317 1736 0 0 0 0 0 0 0 0
319 2232 1 1 558 2 2 0 0 0
320 558 0 0 0 0 0 0 0 0
322 1674 0 0 558 9 9 0 0 0
337 6 1 1 1 0 0 0 0 0
340 27 1 1 0 0 0 0 0 0
343 27 1 1 9 0 0 0 0 0
352 8 0 0 7 0 0 0 0 0
fn=__tunable_get_val
435 68 1 1 0 0 0 0 0 0
438 300 0 0 34 31 31 0 0 0
447 44 1 1 31 19 19 13 0 0
448 13 0 0 0 0 0 0 0 0
457 27 0 0 0 0 0 21 0 0
464 102 0 0 34 7 6 0 0 0
466 34 0 0 34 0 0 0 0 0
fl=./elf/./elf/dl-tunables.h
fn=__GI___tunables_init
160 930 1 1 682 0 0 0 0 0
161 2644 0 0 20 0 0 0 0 0
fl=./elf/./elf/dl-version.c
fn=_dl_check_all_versions
399 7 1 1 0 0 0 5 1 0
401 3 0 0 0 0 0 0 0 0
403 26 0 0 7 0 0 0 0 0
404 7 0 0 0 0 0 0 0 0
405 42 1 1 7 0 0 7 0 0
408 7 1 1 6 0 0 0 0 0
fn=_dl_check_map_versions
36 202 1 1 24 0 0 0 0 0
37 53 0 0 53 0 0 0 0 0
38 349 0 0 0 0 0 65 0 0
56 204 0 0 153 0 0 0 0 0
64 102 1 1 51 0 0 0 0 0
70 153 0 0 51 0 0 0 0 0
86 51 0 0 51 0 0 0 0 0
87 102 0 0 0 0 0 0 0 0
89 51 0 0 51 0 0 0 0 0
94 2149 1 1 896 32 32 153 0 0
99 48 1 1 12 0 0 36 0 0
108 1792 0 0 896 13 13 0 0 0
110 51 1 1 51 1 1 0 0 0
113 408 1 1 153 3 3 102 0 0
120 2535 0 0 845 11 11 0 0 0
124 845 0 0 0 0 0 0 0 0
155 63 1 1 0 0 0 42 1 0
156 7 0 0 0 0 0 7 0 0
164 7 0 0 0 0 0 7 1 0
170 21 0 0 7 0 0 0 0 0
172 21 0 0 14 0 0 0 0 0
174 21 1 1 7 1 0 7 1 0
175 7 0 0 7 0 0 0 0 0
177 14 0 0 0 0 0 0 0 0
180 10 0 0 10 0 0 0 0 0
184 10 0 0 5 5 5 0 0 0
198 7 0 0 0 0 0 0 0 0
200 24 0 0 24 0 0 0 0 0
208 24 0 0 0 0 0 0 0 0
213 36 0 0 12 2 2 0 0 0
215 39 0 0 0 0 0 0 0 0
217 153 0 0 102 14 14 0 0 0
218 361 1 1 277 0 0 0 0 0
221 102 0 0 51 0 0 51 0 0
224 153 0 0 51 0 0 0 0 0
225 40 1 1 0 0 0 16 0 0
228 38 1 1 25 0 0 12 0 0
231 204 1 1 51 0 0 0 0 0
234 153 0 0 51 0 0 0 0 0
239 39 0 0 0 0 0 0 0 0
243 36 0 0 12 0 0 0 0 0
248 7 0 0 0 0 0 0 0 0
257 30 2 2 15 0 0 0 0 0
260 10 0 0 10 0 0 0 0 0
263 599 0 0 151 15 15 5 0 0
266 453 0 0 146 6 6 5 0 0
270 141 0 0 0 0 0 0 0 0
274 18 1 1 6 0 0 0 0 0
279 6 0 0 0 0 0 6 0 0
280 24 1 1 6 0 0 6 0 0
281 18 1 1 6 0 0 0 0 0
291 6 0 0 0 0 0 6 0 0
294 32 0 0 19 2 0 6 1 0
296 12 1 1 0 0 0 0 0 0
299 20 0 0 10 0 0 0 0 0
301 7 0 0 0 0 0 0 0 0
303 36 0 0 12 0 0 0 0 0
306 153 1 1 51 0 0 0 0 0
308 204 0 0 0 0 0 0 0 0
310 204 0 0 51 0 0 51 0 0
311 102 0 0 0 0 0 51 17 17
312 153 0 0 51 0 0 51 4 4
313 153 0 0 51 0 0 51 2 2
316 153 0 0 51 0 0 0 0 0
321 39 0 0 0 0 0 0 0 0
324 36 1 1 12 0 0 0 0 0
329 7 0 0 0 0 0 0 0 0
334 12 2 2 0 0 0 0 0 0
337 10 0 0 5 0 0 0 0 0
341 141 0 0 141 0 0 0 0 0
343 292 1 1 146 0 0 0 0 0
347 141 0 0 141 0 0 0 0 0
348 564 0 0 141 0 0 141 37 37
349 423 0 0 141 0 0 141 0 0
350 141 0 0 0 0 0 141 17 17
353 462 1 1 152 0 0 0 0 0
357 141 0 0 0 0 0 0 0 0
364 612 0 0 0 0 0 0 0 0
365 408 0 0 204 0 0 0 0 0
366 36 0 0 0 0 0 12 0 0
372 12 0 0 0 0 0 0 0 0
373 10 0 0 5 0 0 0 0 0
374 10 0 0 5 1 0 0 0 0
375 4 0 0 2 0 0 0 0 0
377 4 1 1 3 0 0 0 0 0
379 124 0 0 32 0 0 0 0 0
380 60 1 1 0 0 0 0 0 0
382 2 0 0 1 0 0 0 0 0
383 5 1 1 0 0 0 1 0 0
394 63 1 1 56 0 0 0 0 0
fl=./elf/./elf/do-rel.h
fn=_dl_relocate_object_no_relro
48 14 0 0 0 0 0 0 0 0
49 42 0 0 14 0 0 0 0 0
50 70 0 0 0 0 0 14 0 0
51 7 1 1 7 0 0 0 0 0
53 70 0 0 28 0 0 0 0 0
72 14 0 0 2 0 0 0 0 0
73 21 1 1 7 0 0 7 0 0
80 42 2 2 14 0 0 0 0 0
83 3389 1 1 0 0 0 0 0 0
85 4508 1 1 1127 422 422 0 0 0
96 4 0 0 0 0 0 0 0 0
97 6 0 0 0 0 0 0 0 0
105 36 1 1 0 0 0 0 0 0
114 5864 0 0 0 0 0 0 0 0
117 48 1 1 12 6 3 12 0 0
120 40 0 0 20 4 2 10 0 0
122 10622 2 2 3556 0 0 0 0 0
124 17640 0 0 10584 1785 1225 0 0 0
125 14112 0 0 3528 0 0 3528 0 0
126 13784 0 0 6892 0 0 6892 0 0
127 13784 0 0 3446 1 0 0 0 0
129 10584 1 1 0 0 0 0 0 0
132 328 0 0 82 0 0 82 0 0
133 82 0 0 0 0 0 82 0 0
134 82 0 0 0 0 0 0 0 0
141 10360 0 0 3446 1 0 0 0 0
142 135 1 1 45 1 0 0 0 0
155 12 0 0 0 0 0 0 0 0
156 324 2 2 6 0 0 3 0 0
157 291 0 0 97 0 0 0 0 0
160 246 1 1 164 0 0 0 0 0
162 328 0 0 82 0 0 82 0 0
163 82 0 0 82 0 0 0 0 0
164 82 0 0 82 0 0 0 0 0
171 22 2 2 8 0 0 0 0 0
173 42 1 1 12 2 2 6 0 0
174 12 0 0 12 0 0 0 0 0
176 18 0 0 0 0 0 0 0 0
184 6 0 0 0 0 0 6 0 0
187 18 0 0 6 0 0 0 0 0
202 5 0 0 3 0 0 0 0 0
fn=_dl_start
48 2 0 0 0 0 0 0 0 0
49 6 0 0 2 0 0 0 0 0
50 8 1 1 0 0 0 0 0 0
51 1 1 1 1 0 0 0 0 0
53 10 0 0 4 0 0 0 0 0
56 4 0 0 0 0 0 0 0 0
61 8 0 0 0 0 0 0 0 0
63 2 1 1 1 0 0 0 0 0
64 2 0 0 0 0 0 0 0 0
65 1 0 0 1 0 0 0 0 0
fl=./elf/./elf/get-dynamic-info.h
fn=_dl_map_object_from_fd
39 10 0 0 0 0 0 0 0 0
43 5 0 0 0 0 0 0 0 0
45 567 1 1 143 40 40 0 0 0
49 276 0 0 0 0 0 0 0 0
51 74 0 0 0 0 0 0 0 0
52 37 0 0 0 0 0 0 0 0
53 6 0 0 0 0 0 0 0 0
54 124 0 0 0 0 0 0 0 0
55 104 0 0 0 0 0 0 0 0
56 25 0 0 0 0 0 0 0 0
59 20 1 1 0 0 0 0 0 0
62 20 1 1 0 0 0 0 0 0
64 20 0 0 0 0 0 0 0 0
68 138 0 0 0 0 0 138 33 33
72 20 0 0 5 0 0 0 0 0
84 17 0 0 7 0 0 0 0 0
85 20 1 1 10 0 0 0 0 0
86 20 0 0 10 0 0 0 0 0
87 20 0 0 10 0 0 0 0 0
88 17 0 0 7 3 3 0 0 0
89 19 1 1 9 1 1 0 0 0
90 19 0 0 9 1 1 0 0 0
91 20 0 0 10 0 0 0 0 0
103 40 1 1 10 0 0 5 0 0
110 15 0 0 5 0 0 0 0 0
115 8 0 0 4 0 0 0 0 0
122 8 0 0 4 0 0 0 0 0
123 15 0 0 10 0 0 0 0 0
129 15 0 0 5 0 0 0 0 0
130 6 0 0 4 0 0 0 0 0
147 15 1 1 5 0 0 0 0 0
152 4 0 0 2 0 0 2 1 1
154 4 0 0 0 0 0 0 0 0
156 4 0 0 0 0 0 0 0 0
158 4 0 0 0 0 0 0 0 0
159 2 0 0 0 0 0 2 0 0
162 15 1 1 5 0 0 0 0 0
164 9 0 0 3 0 0 3 0 0
165 6 0 0 0 0 0 0 0 0
174 6 1 1 3 0 0 0 0 0
175 9 1 1 0 0 0 0 0 0
180 6 0 0 0 0 0 0 0 0
181 4 0 0 2 0 0 2 0 0
184 10 0 0 5 0 0 0 0 0
fl=./elf/./elf/libc-dl-profstub.c
fn=_dl_mcount_wrapper_check
40 128 1 1 0 0 0 0 0 0
41 384 0 0 256 0 0 0 0 0
42 128 0 0 128 0 0 0 0 0
fl=./elf/./elf/libc_early_init.c
fn=__libc_early_init
34 8 1 1 1 0 0 3 0 0
36 1 1 1 0 0 0 1 0 0
39 2 0 0 1 0 0 1 1 1
42 2 0 0 0 0 0 2 1 1
47 2 0 0 0 0 0 1 0 0
50 4 1 1 2 0 0 0 0 0
51 2 0 0 2 0 0 0 0 0
fl=./elf/./elf/rtld.c
fn=_dl_start
84 8 0 0 0 0 0 2 1 1
454 1 0 0 0 0 0 1 1 1
458 5 1 1 1 0 0 1 0 0
476 2 0 0 0 0 0 1 0 0
477 2 1 1 0 0 0 1 0 0
479 1 0 0 0 0 0 1 1 1
481 2 0 0 0 0 0 1 0 0
490 1 0 0 0 0 0 1 0 0
496 4 1 1 1 0 0 1 0 0
498 2 0 0 1 0 0 0 0 0
519 10 1 1 0 0 0 7 2 2
545 1 0 0 0 0 0 1 1 1
548 2 0 0 0 0 0 1 0 0
549 1 0 0 1 1 1 0 0 0
565 189 4 4 28 6 6 5 0 0
567 1 1 1 1 0 0 0 0 0
585 9 1 1 7 2 2 0 0 0
fn=dl_main
84 20 3 3 0 0 0 0 0 0
91 15 1 1 0 0 0 0 0 0
92 2 0 0 0 0 0 1 1 1
100 9 0 0 4 1 0 0 0 0
196 2 0 0 0 0 0 1 0 0
198 1 0 0 0 0 0 1 0 0
223 4 0 0 4 0 0 0 0 0
224 5 1 1 2 0 0 0 0 0
225 4 1 1 0 0 0 0 0 0
295 3 0 0 0 0 0 3 0 0
301 1 0 0 0 0 0 1 0 0
302 1 0 0 0 0 0 1 0 0
820 1 0 0 1 0 0 0 0 0
822 1 0 0 0 0 0 1 0 0
831 1 0 0 0 0 0 1 0 0
833 1 0 0 0 0 0 1 1 0
838 1 0 0 0 0 0 1 0 0
1094 1 1 1 1 0 0 0 0 0
1095 1 0 0 1 0 0 0 0 0
1097 1 0 0 0 0 0 0 0 0
1101 3 0 0 2 1 1 1 1 1
1103 1 0 0 1 0 0 0 0 0
1104 1 0 0 1 0 0 0 0 0
1119 1 0 0 0 0 0 0 0 0
1122 55 1 1 3 0 0 0 0 0
1123 130 2 2 24 8 8 2 0 0
1127 3 1 1 1 0 0 1 0 0
1132 3 0 0 2 0 0 1 0 0
1133 9 1 1 2 0 0 1 0 0
1142 1 0 0 0 0 0 1 0 0
1143 2 0 0 2 1 1 0 0 0
1145 2 1 1 0 0 0 1 0 0
1147 1 0 0 0 0 0 0 0 0
1155 8 0 0 4 0 0 0 0 0
1156 24 1 1 8 1 1 0 0 0
1157 8 0 0 4 0 0 0 0 0
1158 1 0 0 0 0 0 1 0 0
1160 12 0 0 4 0 0 0 0 0
1161 14 0 0 0 0 0 0 0 0
1165 8 1 1 4 3 3 0 0 0
1166 8 0 0 4 0 0 0 0 0
1167 4 0 0 0 0 0 4 0 0
1171 8 0 0 0 0 0 0 0 0
1203 3 0 0 2 1 1 1 0 0
1209 28 0 0 0 0 0 0 0 0
1210 64 0 0 14 0 0 0 0 0
1216 18 0 0 0 0 0 1 0 0
1222 4 0 0 2 1 1 0 0 0
1225 3 1 1 2 0 0 0 0 0
1227 2 0 0 1 0 0 0 0 0
1252 2 0 0 1 1 1 0 0 0
1253 2 0 0 1 0 0 0 0 0
1255 2 0 0 1 0 0 0 0 0
1257 1 1 1 0 0 0 1 1 1
1258 2 0 0 1 0 0 1 0 0
1261 1 0 0 1 0 0 0 0 0
1267 1 0 0 0 0 0 0 0 0
1268 28 0 0 0 0 0 0 0 0
1269 11 0 0 0 0 0 0 0 0
1270 22 0 0 11 6 6 0 0 0
1272 16 1 1 5 2 2 0 0 0
1273 8 0 0 4 0 0 0 0 0
1274 16 0 0 0 0 0 0 0 0
1279 12 0 0 4 1 1 0 0 0
1286 3 1 1 0 0 0 0 0 0
1287 2 0 0 1 0 0 0 0 0
1289 3 0 0 2 1 1 1 0 0
1356 13 2 2 0 0 0 8 1 1
1361 1 0 0 0 0 0 0 0 0
1362 1 0 0 0 0 0 1 0 0
1368 1 0 0 0 0 0 1 1 1
1378 3 1 1 2 0 0 1 0 0
1379 4 0 0 2 0 0 0 0 0
1646 9 1 1 0 0 0 2 0 0
1648 2 0 0 0 0 0 0 0 0
1649 3 1 1 0 0 0 1 0 0
1650 2 0 0 1 0 0 1 0 0
1651 3 0 0 2 0 0 1 0 0
1655 2 0 0 0 0 0 1 0 0
1656 2 0 0 1 0 0 0 0 0
1679 1 0 0 0 0 0 1 0 0
1685 3 0 0 1 0 0 0 0 0
1686 6 1 1 2 0 0 1 0 0
1689 1 1 1 0 0 0 1 1 1
1690 1 0 0 0 0 0 1 0 0
1691 1 0 0 0 0 0 1 0 0
1693 2 0 0 1 0 0 0 0 0
1694 3 0 0 0 0 0 1 0 0
1699 2 0 0 1 0 0 0 0 0
1701 2 0 0 0 0 0 0 0 0
1714 2 1 1 1 0 0 1 0 0
1717 2 0 0 1 0 0 0 0 0
1742 4 0 0 1 0 0 1 0 0
1744 1 0 0 0 0 0 1 0 0
1749 2 1 1 1 0 0 0 0 0
1752 4 2 2 2 0 0 1 0 0
1753 4 0 0 1 0 0 1 0 0
1754 3 0 0 2 0 0 1 0 0
1755 1 0 0 0 0 0 1 0 0
1756 1 0 0 1 0 0 0 0 0
1757 1 1 1 1 0 0 0 0 0
1762 2 1 1 1 1 1 0 0 0
1771 2 1 1 1 0 0 0 0 0
1775 1 0 0 0 0 0 1 0 0
1776 2 0 0 1 0 0 0 0 0
1800 2 1 1 0 0 0 2 0 0
1806 3 0 0 0 0 0 1 0 0
1807 1 0 0 0 0 0 0 0 0
1811 3 0 0 1 0 0 1 0 0
1816 3 1 1 2 0 0 0 0 0
1818 1 0 0 0 0 0 0 0 0
1820 2 0 0 1 0 0 0 0 0
1824 5 1 1 2 0 0 1 0 0
1829 2 0 0 1 0 0 0 0 0
1845 5 0 0 0 0 0 1 0 0
1921 4 1 1 2 0 0 0 0 0
1925 19 3 3 1 0 0 0 0 0
1926 1 0 0 0 0 0 0 0 0
1929 3 0 0 0 0 0 1 0 0
1930 1 0 0 1 0 0 0 0 0
1931 2 0 0 0 0 0 0 0 0
1932 2 0 0 0 0 0 0 0 0
1937 3 0 0 1 0 0 0 0 0
1947 9 1 1 2 0 0 1 0 0
1953 29 1 1 1 0 0 0 0 0
1954 14 0 0 14 0 0 0 0 0
1957 3 0 0 2 0 0 1 0 0
1958 2 0 0 0 0 0 0 0 0
1959 1 0 0 0 0 0 1 0 0
1961 26 1 1 1 1 0 0 0 0
1962 18 0 0 6 0 0 0 0 0
1969 4 1 1 2 0 0 1 0 0
1970 3 0 0 1 1 0 0 0 0
1972 2 0 0 0 0 0 1 0 0
1974 2 0 0 0 0 0 0 0 0
1976 3 1 1 1 0 0 0 0 0
1990 7 1 1 1 0 0 0 0 0
1991 2 0 0 1 0 0 1 0 0
1992 3 0 0 1 0 0 0 0 0
2002 1 0 0 0 0 0 1 1 0
2003 4 0 0 0 0 0 1 0 0
2004 5 1 1 0 0 0 1 0 0
2014 1 0 0 1 0 0 0 0 0
2015 2 0 0 1 0 0 0 0 0
2016 4 2 2 0 0 0 2 0 0
2018 2 1 1 1 0 0 0 0 0
2023 3 1 1 1 0 0 0 0 0
2222 3 0 0 1 0 0 1 0 0
2226 2 0 0 1 0 0 1 0 0
2232 2 0 0 1 0 0 1 0 0
2235 2 1 1 1 0 0 0 0 0
2243 2 0 0 2 0 0 0 0 0
2247 3 0 0 1 0 0 0 0 0
2250 1 0 0 1 1 0 0 0 0
2255 2 0 0 1 0 0 0 0 0
2259 7 0 0 2 1 0 1 0 0
2260 1 0 0 1 0 0 0 0 0
2268 2 1 1 2 1 0 0 0 0
2269 32 0 0 3 1 1 2 0 0
2271 14 1 1 14 4 1 0 0 0
2276 14 0 0 14 4 2 0 0 0
2278 16 0 0 0 0 0 0 0 0
2280 1 1 1 0 0 0 1 0 0
2281 1 0 0 1 0 0 0 0 0
2284 7 0 0 7 1 0 0 0 0
2286 56 1 1 14 5 3 7 0 0
2290 20 0 0 10 4 2 0 0 0
2291 9 0 0 0 0 0 3 0 0
2298 1 0 0 0 0 0 1 0 0
2304 2 0 0 1 0 0 0 0 0
2308 4 0 0 1 0 0 0 0 0
2310 1 1 1 1 0 0 0 0 0
2317 4 0 0 1 0 0 1 0 0
2320 2 0 0 1 0 0 0 0 0
2324 3 1 1 2 1 1 0 0 0
2327 1 0 0 0 0 0 1 0 0
2332 2 0 0 1 0 0 0 0 0
2336 6 0 0 3 0 0 1 0 0
2339 1 0 0 0 0 0 1 0 0
2340 2 0 0 0 0 0 1 0 0
2343 2 0 0 0 0 0 1 0 0
2347 2 1 1 1 0 0 1 0 0
2352 3 0 0 1 0 0 1 0 0
2359 1 0 0 0 0 0 1 0 0
2363 3 0 0 0 0 0 1 0 0
2364 3 0 0 0 0 0 1 0 0
2365 1 0 0 0 0 0 0 0 0
2368 3 0 0 0 0 0 1 0 0
2372 1 0 0 0 0 0 1 0 0
2377 8 0 0 7 2 2 0 0 0
2513 1 0 0 1 0 0 0 0 0
2584 1 0 0 0 0 0 1 1 1
2586 1 0 0 0 0 0 0 0 0
2588 15 1 1 0 0 0 3 0 0
2590 2 0 0 0 0 0 0 0 0
2592 109 0 0 21 0 0 0 0 0
2593 19 0 0 0 0 0 0 0 0
2601 14 1 1 2 1 1 0 0 0
2626 2 1 1 1 0 0 0 0 0
2636 4 1 1 2 0 0 0 0 0
2638 2 0 0 0 0 0 1 0 0
2639 1 0 0 0 0 0 0 0 0
2673 5 2 2 2 0 0 0 0 0
2675 2 0 0 0 0 0 1 0 0
2676 2 1 1 0 0 0 1 0 0
2677 1 0 0 0 0 0 0 0 0
2712 2 0 0 1 0 0 0 0 0
2722 5 0 0 1 0 0 0 0 0
2745 4 1 1 1 0 0 1 0 0
fn=handle_preload_list
182 3 0 0 1 0 0 0 0 0
789 1 0 0 0 0 0 1 0 0
793 2 0 0 1 0 0 1 0 0
795 1 0 0 0 0 0 1 0 0
797 2 0 0 1 0 0 0 0 0
799 15 1 1 2 0 0 5 2 2
800 3 1 1 1 0 0 0 0 0
808 3 0 0 1 0 0 0 0 0
852 11 1 1 1 1 1 6 0 0
853 3 1 1 0 0 0 0 0 0
857 5 0 0 2 0 0 0 0 0
860 4 2 2 0 0 0 1 0 0
861 3 0 0 0 0 0 0 0 0
863 4 0 0 0 0 0 1 0 0
864 2 0 0 0 0 0 1 0 0
870 1 0 0 0 0 0 0 0 0
872 2 0 0 1 0 0 0 0 0
874 2 0 0 1 0 0 0 0 0
875 1 0 0 0 0 0 0 0 0
878 9 0 0 7 0 0 0 0 0
fn=init_tls
734 4 1 1 0 0 0 3 0 0
736 2 0 0 1 0 0 1 0 0
740 2 0 0 1 0 0 0 0 0
746 2 1 1 0 0 0 1 0 0
749 1 0 0 0 0 0 1 0 0
750 1 0 0 0 0 0 0 0 0
751 1 0 0 0 0 0 0 0 0
756 1 0 0 0 0 0 1 0 0
759 2 0 0 0 0 0 1 0 0
762 1 0 0 0 0 0 1 0 0
769 2 0 0 0 0 0 1 0 0
770 2 0 0 0 0 0 0 0 0
776 2 0 0 1 0 0 1 0 0
780 1 0 0 0 0 0 1 0 0
783 5 0 0 4 0 0 0 0 0
fn=map_doit
641 6 1 1 0 0 0 2 0 0
643 4 0 0 1 0 0 0 0 0
644 6 0 0 2 0 0 2 0 0
646 3 0 0 3 0 0 0 0 0
fn=version_check_doit
674 6 1 1 0 0 0 2 0 0
676 6 0 0 2 0 0 1 0 0
680 3 1 1 3 0 0 0 0 0
fl=./elf/./get-dynamic-info.h
fn=_dl_start
45 76 1 1 19 6 6 0 0 0
49 36 0 0 0 0 0 0 0 0
51 10 0 0 0 0 0 0 0 0
52 5 0 0 0 0 0 0 0 0
54 20 1 1 0 0 0 0 0 0
55 16 0 0 0 0 0 0 0 0
56 5 0 0 0 0 0 0 0 0
59 4 2 2 0 0 0 0 0 0
62 4 1 1 0 0 0 0 0 0
64 4 0 0 0 0 0 0 0 0
68 20 0 0 0 0 0 18 7 7
72 3 0 0 0 0 0 0 0 0
84 4 0 0 2 0 0 0 0 0
85 3 0 0 1 1 1 0 0 0
86 4 1 1 2 0 0 0 0 0
87 4 0 0 2 0 0 0 0 0
88 5 0 0 2 0 0 0 0 0
89 3 0 0 1 0 0 0 0 0
90 4 1 1 2 0 0 0 0 0
91 4 0 0 2 0 0 0 0 0
103 10 1 1 2 0 0 1 0 0
110 3 1 1 1 1 1 0 0 0
123 3 1 1 2 0 0 0 0 0
129 3 0 0 1 0 0 0 0 0
130 3 0 0 2 0 0 0 0 0
133 2 1 1 1 0 0 0 0 0
134 3 0 0 1 0 0 0 0 0
139 5 0 0 2 0 0 0 0 0
142 5 1 1 2 0 0 0 0 0
fn=dl_main
39 4 0 0 2 0 0 0 0 0
43 1 0 0 0 0 0 0 0 0
45 115 0 0 29 8 8 0 0 0
49 56 1 1 0 0 0 0 0 0
51 12 0 0 0 0 0 0 0 0
52 6 0 0 0 0 0 0 0 0
54 24 1 1 0 0 0 0 0 0
55 20 0 0 0 0 0 0 0 0
56 5 1 1 0 0 0 0 0 0
59 4 1 1 0 0 0 0 0 0
62 4 1 1 0 0 0 0 0 0
64 4 1 1 0 0 0 0 0 0
68 28 0 0 0 0 0 28 8 8
72 7 1 1 4 0 0 0 0 0
84 3 0 0 1 0 0 0 0 0
85 5 1 1 3 0 0 0 0 0
86 5 0 0 3 0 0 0 0 0
87 5 0 0 3 0 0 0 0 0
88 4 1 1 2 0 0 0 0 0
89 5 0 0 3 0 0 0 0 0
90 5 0 0 3 0 0 0 0 0
91 5 1 1 3 0 0 0 0 0
103 9 1 1 3 0 0 1 0 0
110 3 0 0 1 0 0 0 0 0
115 2 1 1 1 0 0 0 0 0
122 3 0 0 2 0 0 0 0 0
123 4 0 0 3 0 0 0 0 0
129 3 0 0 1 0 0 0 0 0
147 4 1 1 2 0 0 0 0 0
152 2 0 0 1 0 0 1 1 1
154 2 0 0 0 0 0 0 0 0
156 2 0 0 0 0 0 0 0 0
158 2 1 1 0 0 0 0 0 0
159 2 0 0 1 0 0 1 0 0
162 4 0 0 2 0 0 0 0 0
164 3 0 0 1 0 0 1 0 0
165 2 1 1 0 0 0 0 0 0
174 2 0 0 1 0 0 0 0 0
175 3 1 1 0 0 0 0 0 0
180 2 0 0 0 0 0 0 0 0
181 3 0 0 2 0 0 1 0 0
184 3 0 0 2 0 0 0 0 0
fl=./elf/./setup-vdso.h
fn=dl_main
24 2 1 1 1 0 0 0 0 0
fl=./iconv/./iconv/gconv_simple.c
fn=__gconv_btwoc_ascii
49 128 1 1 0 0 0 0 0 0
51 512 0 0 0 0 0 0 0 0
54 128 0 0 128 0 0 0 0 0
fl=./io/../sysdeps/unix/sysv/linux/access.c
fn=access
25 1 0 0 0 0 0 0 0 0
27 7 0 0 0 0 0 1 0 0
31 1 0 0 1 0 0 0 0 0
fl=./io/../sysdeps/unix/sysv/linux/close_nocancel.c
fn=__GI___close_nocancel
25 6 1 1 0 0 0 0 0 0
26 24 0 0 0 0 0 0 0 0
27 6 0 0 6 0 0 0 0 0
fl=./io/../sysdeps/unix/sysv/linux/fstat64.c
fn=fstat
30 7 2 2 0 0 0 0 0 0
39 28 1 1 0 0 0 0 0 0
72 7 0 0 7 0 0 0 0 0
fl=./io/../sysdeps/unix/sysv/linux/fstatat64.c
fn=fstatat
91 6 0 0 0 0 0 0 0 0
146 6 0 0 0 0 0 0 0 0
160 4 1 1 0 0 0 2 0 0
161 11 0 0 2 0 0 0 0 0
162 1 0 0 1 0 0 0 0 0
fl=./io/../sysdeps/unix/sysv/linux/open64_nocancel.c
fn=__open_nocancel
28 60 1 1 0 0 0 24 2 2
31 84 0 0 0 0 0 0 0 0
39 102 1 1 0 0 0 6 0 0
41 24 0 0 24 0 0 0 0 0
fl=./io/../sysdeps/unix/sysv/linux/pread64_nocancel.c
fn=__pread64_nocancel
25 4 0 0 0 0 0 0 0 0
26 8 0 0 0 0 0 0 0 0
27 2 0 0 2 0 0 0 0 0
fl=./io/../sysdeps/unix/sysv/linux/read_nocancel.c
fn=__read_nocancel
25 5 1 1 0 0 0 0 0 0
26 20 0 0 0 0 0 0 0 0
27 5 1 1 5 0 0 0 0 0
fl=./io/../sysdeps/unix/sysv/linux/stat64.c
fn=stat
28 6 0 0 0 0 0 0 0 0
29 12 0 0 0 0 0 0 0 0
fl=./io/../sysdeps/unix/sysv/linux/write.c
fn=write
25 3 1 1 0 0 0 1 0 0
26 7 0 0 0 0 0 2 0 0
27 2 0 0 2 0 0 0 0 0
fl=./libio/../include/sys/sysmacros.h
fn=_IO_file_doallocate
47 6 1 1 0 0 0 0 0 0
fl=./libio/./libio/filedoalloc.c
fn=_IO_file_doallocate
68 9 1 1 1 0 0 4 0 0
74 9 0 0 3 2 2 1 0 0
76 4 0 0 1 0 0 0 0 0
79 2 0 0 0 0 0 0 0 0
81 2 1 1 1 0 0 0 0 0
84 1 0 0 1 0 0 0 0 0
87 5 0 0 1 0 0 0 0 0
91 2 1 1 0 0 0 1 0 0
92 2 0 0 0 0 0 0 0 0
94 5 0 0 0 0 0 1 0 0
95 1 0 0 0 0 0 0 0 0
96 8 0 0 6 0 0 0 0 0
fl=./libio/./libio/fileops.c
fn=_IO_do_write@@GLIBC_2.2.5
458 10 2 2 0 0 0 3 0 0
460 10 0 0 0 0 0 0 0 0
461 6 0 0 5 0 0 0 0 0
468 2 0 0 1 0 0 0 0 0
475 4 0 0 2 0 0 0 0 0
483 7 1 1 2 0 0 2 0 0
484 6 1 1 2 0 0 0 0 0
486 3 0 0 1 0 0 2 0 0
487 2 0 0 0 0 0 1 0 0
488 1 0 0 0 0 0 1 0 0
489 2 1 1 1 0 0 0 0 0
490 4 0 0 1 0 0 0 0 0
fn=_IO_file_overflow@@GLIBC_2.2.5
766 42 2 2 0 0 0 14 0 0
767 21 0 0 7 0 0 0 0 0
774 33 0 0 7 0 0 0 0 0
777 2 1 1 0 0 0 0 0 0
779 2 1 1 0 0 0 2 0 0
780 7 1 1 2 0 0 2 0 0
789 3 0 0 1 0 0 0 0 0
798 3 1 1 1 0 0 0 0 0
799 1 0 0 0 0 0 0 0 0
800 1 0 0 0 0 0 1 0 0
801 1 0 0 0 0 0 1 0 0
802 1 0 0 0 0 0 1 0 0
803 3 0 0 1 0 0 2 0 0
805 3 0 0 0 0 0 1 0 0
806 5 1 1 1 0 0 0 0 0
807 2 0 0 0 0 0 1 0 0
809 14 0 0 0 0 0 0 0 0
810 1 0 0 0 0 0 0 0 0
811 7 0 0 6 0 0 0 0 0
812 12 0 0 6 0 0 0 0 0
815 18 0 0 0 0 0 12 0 0
816 18 0 0 6 0 0 0 0 0
817 24 0 0 0 0 0 0 0 0
818 3 0 0 0 0 0 1 0 0
819 3 0 0 2 0 0 0 0 0
821 6 0 0 0 0 0 0 0 0
822 20 0 0 20 0 0 0 0 0
fn=_IO_file_setbuf@@GLIBC_2.2.5
416 6 1 1 0 0 0 2 0 0
417 3 1 1 0 0 0 1 0 0
420 1 0 0 1 0 0 0 0 0
422 3 0 0 0 0 0 3 0 0
424 2 0 0 0 0 0 0 0 0
425 3 0 0 3 0 0 0 0 0
fn=_IO_file_stat
1207 1 1 1 0 0 0 0 0 0
1208 2 0 0 1 0 0 0 0 0
fn=_IO_file_sync@@GLIBC_2.2.5
827 72 1 1 0 0 0 24 0 0
832 48 0 0 24 1 1 0 0 0
834 24 1 1 24 0 0 0 0 0
835 24 0 0 12 0 0 0 0 0
840 24 0 0 0 0 0 0 0 0
851 24 1 1 0 0 0 12 0 0
855 36 0 0 36 0 0 0 0 0
fn=_IO_file_write@@GLIBC_2.2.5
1234 8 1 1 0 0 0 5 0 0
1235 2 0 0 0 0 0 0 0 0
1236 6 0 0 0 0 0 0 0 0
1240 3 1 1 1 0 0 0 0 0
1241 3 0 0 1 0 0 1 0 0
1242 2 0 0 0 0 0 0 0 0
1247 1 0 0 1 0 0 0 0 0
1248 1 0 0 0 0 0 0 0 0
1249 1 0 0 0 0 0 0 0 0
1251 3 1 1 0 0 0 0 0 0
1252 3 0 0 1 0 0 0 0 0
1255 6 0 0 6 0 0 0 0 0
fn=_IO_file_xsputn@@GLIBC_2.2.5
1259 32 1 1 0 0 0 16 0 0
1261 1 1 1 0 0 0 0 0 0
1265 12 0 0 0 0 0 0 0 0
1266 4 0 0 0 0 0 0 0 0
1272 20 0 0 4 0 0 0 0 0
1274 10 0 0 7 0 0 0 0 0
1275 6 0 0 0 0 0 0 0 0
1278 38 1 1 0 0 0 0 0 0
1280 39 0 0 13 0 0 0 0 0
1289 3 0 0 1 0 0 0 0 0
1290 3 0 0 0 0 0 0 0 0
1295 6 0 0 0 0 0 0 0 0
1297 15 0 0 0 0 0 12 0 0
1298 6 0 0 3 0 0 0 0 0
1299 9 0 0 3 0 0 0 0 0
1301 6 0 0 0 0 0 0 0 0
1305 7 0 0 3 0 0 1 0 0
1311 2 1 1 2 0 0 0 0 0
1312 5 0 0 0 0 0 0 0 0
1314 3 0 0 0 0 0 0 0 0
1325 2 0 0 0 0 0 0 0 0
1326 5 0 0 0 0 0 2 0 0
1328 3 1 1 1 0 0 0 0 0
1329 28 1 1 20 0 0 0 0 0
fl=./libio/./libio/genops.c
fn=_IO_cleanup
810 5 0 0 0 0 0 3 0 0
811 8 2 2 3 0 0 2 0 0
814 12 0 0 4 0 0 0 0 0
818 3 1 1 0 0 0 3 0 0
819 36 2 2 15 0 0 6 0 0
827 6 0 0 3 0 0 0 0 0
829 9 1 1 3 0 0 0 0 0
832 9 0 0 3 0 0 0 0 0
834 6 0 0 2 0 0 0 0 0
836 4 1 1 1 0 0 0 0 0
838 2 0 0 0 0 0 1 0 0
840 3 0 0 2 0 0 1 0 0
841 1 0 0 0 0 0 1 0 0
845 5 0 0 2 0 0 1 0 0
847 3 0 0 1 0 0 0 0 0
854 3 1 1 0 0 0 3 0 0
856 38 0 0 13 0 0 6 0 0
857 3 0 0 0 0 0 3 0 0
861 8 2 2 2 0 0 2 0 0
862 2 0 0 0 0 0 1 0 0
882 11 2 2 1 0 0 6 0 0
883 2 0 0 0 0 0 1 0 0
895 11 0 0 8 0 0 0 0 0
fn=_IO_default_setbuf
356 5 0 0 1 0 0 0 0 0
358 1 0 0 0 0 0 1 0 0
359 1 0 0 0 0 0 1 0 0
363 2 0 0 0 0 0 1 0 0
478 10 2 2 0 0 0 4 0 0
479 5 0 0 2 0 0 1 0 0
481 4 0 0 0 0 0 0 0 0
483 3 1 1 1 0 0 1 0 0
484 2 0 0 0 0 0 0 0 0
488 1 1 1 0 0 0 0 0 0
492 4 0 0 0 0 0 3 0 0
493 1 0 0 0 0 0 0 0 0
494 6 0 0 5 0 0 0 0 0
fn=_IO_default_xsputn
397 11 1 1 0 0 0 7 0 0
400 4 1 1 0 0 0 0 0 0
401 1 1 1 1 0 0 0 0 0
405 24 1 1 12 0 0 0 0 0
425 47 0 0 15 0 0 5 0 0
427 5 0 0 0 0 0 0 0 0
430 8 0 0 7 0 0 0 0 0
fn=_IO_doallocbuf
369 4 1 1 0 0 0 1 0 0
370 2 0 0 1 0 0 0 0 0
372 4 1 1 1 0 0 0 0 0
373 6 1 1 2 1 1 2 0 0
376 2 0 0 2 0 0 0 0 0
fn=_IO_flush_all
713 11 1 1 1 0 0 6 0 0
714 2 1 1 0 0 0 0 0 0
718 5 0 0 0 0 0 3 0 0
719 8 2 2 3 1 1 2 0 0
722 12 0 0 4 0 0 0 0 0
724 3 1 1 0 0 0 3 0 0
725 36 2 2 15 2 2 6 0 0
727 18 1 1 9 2 2 0 0 0
734 9 0 0 3 1 0 0 0 0
735 12 0 0 6 0 0 0 0 0
742 39 2 2 15 0 0 6 0 0
743 3 0 0 0 0 0 3 0 0
747 8 2 2 2 0 0 2 0 0
748 2 0 0 0 0 0 1 0 0
752 11 0 0 8 0 0 0 0 0
fn=_IO_setb
355 5 1 1 0 0 0 1 0 0
356 4 0 0 2 0 0 0 0 0
358 1 0 0 0 0 0 1 0 0
359 1 0 0 0 0 0 1 0 0
361 6 0 0 0 0 0 1 0 0
364 2 0 0 2 0 0 0 0 0
fn=__overflow
225 1 1 1 0 0 0 0 0 0
227 3 0 0 1 0 0 0 0 0
229 2 0 0 2 0 0 0 0 0
fl=./libio/./libio/iofflush.c
fn=fflush
32 77 1 1 0 0 0 33 0 0
33 22 0 0 0 0 0 0 0 0
39 132 4 4 55 7 2 22 0 0
40 55 0 0 22 1 1 11 0 0
44 66 0 0 44 0 0 0 0 0
fl=./libio/./libio/iofwrite.c
fn=fwrite
31 36 1 1 0 0 0 20 0 0
32 8 0 0 0 0 0 0 0 0
35 20 1 1 0 0 0 0 0 0
37 48 1 1 20 4 4 8 0 0
38 19 1 1 4 1 1 1 0 0
43 12 0 0 12 0 0 0 0 0
44 24 1 1 8 1 1 12 0 0
45 20 1 1 12 0 0 0 0 0
74 8 1 1 0 0 0 0 0 0
75 4 0 0 0 0 0 0 0 0
78 32 0 0 24 0 0 0 0 0
fl=./libio/./libio/libioP.h
fn=_IO_cleanup
1037 4 2 2 0 0 0 0 0 0
1038 2 0 0 0 0 0 0 0 0
fn=_IO_default_setbuf
1037 3 0 0 0 0 0 0 0 0
1038 2 0 0 0 0 0 0 0 0
fn=_IO_default_xsputn
1037 13 0 0 0 0 0 0 0 0
1038 10 0 0 0 0 0 0 0 0
fn=_IO_do_write@@GLIBC_2.2.5
1037 3 0 0 0 0 0 0 0 0
1038 2 0 0 0 0 0 0 0 0
fn=_IO_doallocbuf
1037 3 0 0 0 0 0 0 0 0
1038 2 0 0 0 0 0 0 0 0
fn=_IO_file_doallocate
1037 3 1 1 0 0 0 0 0 0
1038 2 0 0 0 0 0 0 0 0
fn=_IO_file_xsputn@@GLIBC_2.2.5
1037 3 0 0 0 0 0 0 0 0
1038 3 0 0 0 0 0 1 0 0
fn=_IO_flush_all
1037 2 0 0 0 0 0 0 0 0
fn=__overflow
1037 3 1 1 0 0 0 0 0 0
1038 2 0 0 0 0 0 0 0 0
fn=fflush
991 22 0 0 11 0 0 0 0 0
992 99 0 0 44 0 0 22 0 0
1037 33 1 1 0 0 0 0 0 0
1038 22 0 0 0 0 0 0 0 0
fn=fwrite
991 20 0 0 4 0 0 0 0 0
992 40 2 2 16 0 0 8 0 0
1037 12 0 0 0 0 0 0 0 0
1038 12 0 0 0 0 0 4 0 0
fl=./libio/./libio/putc.c
fn=putc
25 7 1 1 0 0 0 3 0 0
28 2 0 0 1 0 0 0 0 0
29 6 1 1 2 0 0 0 0 0
34 4 1 1 3 0 0 0 0 0
fl=./libio/./libio/stdfiles.c
fn=_IO_stdfiles_init
64 1 1 1 0 0 0 0 0 0
66 2 0 0 0 0 0 0 0 0
67 12 0 0 4 4 4 0 0 0
68 3 0 0 0 0 0 0 0 0
69 3 0 0 0 0 0 3 1 1
70 1 0 0 1 0 0 0 0 0
fl=./libio/./libio/vtables.c
fn=check_stdfiles_vtables
545 1 1 1 0 0 0 0 0 0
546 4 0 0 2 2 2 0 0 0
547 3 1 1 2 1 1 0 0 0
548 3 0 0 2 1 1 0 0 0
550 1 0 0 1 0 0 0 0 0
fl=./locale/./locale/newlocale.c
fn=newlocale
43 13 2 2 1 0 0 7 0 0
55 2 0 0 0 0 0 0 0 0
56 1 0 0 0 0 0 0 0 0
63 2 1 1 0 0 0 0 0 0
66 3 0 0 0 0 0 0 0 0
73 4 0 0 2 0 0 0 0 0
75 1 1 1 0 0 0 0 0 0
277 12 1 1 9 0 0 0 0 0
fl=./locale/./locale/uselocale.c
fn=uselocale
30 2 1 1 0 0 0 0 0 0
31 6 1 1 4 1 0 0 0 0
33 4 0 0 0 0 0 0 0 0
35 2 0 0 0 0 0 0 0 0
36 2 0 0 0 0 0 0 0 0
37 2 0 0 0 0 0 2 0 0
65 6 0 0 4 3 1 2 0 0
66 6 0 0 4 0 0 2 0 0
67 6 1 1 4 0 0 2 0 0
70 6 0 0 0 0 0 0 0 0
71 2 0 0 2 0 0 0 0 0
fl=./malloc/../sysdeps/unix/sysv/linux/not-cancel.h
fn=__ptmalloc_init
96 7 1 1 1 0 0 1 0 0
fl=./malloc/./malloc/arena.c
fn=__libc_malloc2
151 10 0 0 0 0 0 0 0 0
fn=__ptmalloc_init
251 6 1 1 0 0 0 3 0 0
275 2 0 0 1 0 0 0 0 0
288 4 1 1 1 1 1 1 0 0
292 4 1 1 0 0 0 1 0 0
293 4 0 0 0 0 0 1 0 0
294 4 1 1 0 0 0 1 0 0
295 4 0 0 0 0 0 1 0 0
296 4 0 0 0 0 0 1 0 0
297 4 1 1 0 0 0 1 0 0
298 4 0 0 0 0 0 1 0 0
300 4 0 0 0 0 0 1 0 0
301 4 0 0 0 0 0 1 0 0
302 4 1 1 0 0 0 1 0 0
305 4 0 0 0 0 0 1 0 0
307 4 0 0 1 1 1 0 0 0
317 8 0 0 6 0 0 0 0 0
fn=free
151 9 0 0 0 0 0 0 0 0
fl=./malloc/./malloc/malloc.c
fn=__libc_malloc2
3247 30 1 1 0 0 0 15 0 0
3251 10 0 0 5 0 0 0 0 0
3253 15 1 1 0 0 0 5 0 0
3254 25 1 1 5 0 0 0 0 0
3279 25 0 0 20 0 0 0 0 0
fn=__ptmalloc_init
1853 385 0 0 0 0 0 0 0 0
1856 381 0 0 0 0 0 127 33 33
1864 2 0 0 0 0 0 1 0 0
2960 2 0 0 0 0 0 0 0 0
2974 3 2 2 1 1 1 0 0 0
2975 1 0 0 0 0 0 1 0 0
2976 5 0 0 0 0 0 0 0 0
fn=_int_free_chunk
4351 12 1 1 0 0 0 6 0 0
4356 9 0 0 3 0 0 0 0 0
4359 6 0 0 6 2 2 0 0 0
4373 6 0 0 3 0 0 3 0 0
4386 9 1 1 3 0 0 0 0 0
4388 12 0 0 3 1 1 0 0 0
4390 6 0 0 0 0 0 3 0 0
4391 6 1 1 0 0 0 3 0 0
4392 6 0 0 0 0 0 0 0 0
4396 6 0 0 0 0 0 3 0 0
4400 9 0 0 9 0 0 0 0 0
fn=_int_malloc
1288 30 0 0 0 0 0 0 0 0
1888 3 0 0 1 1 1 0 0 0
1912 4 0 0 2 0 0 0 0 0
1921 2 0 0 1 0 0 0 0 0
2324 12 1 1 8 0 0 4 0 0
2325 1 1 1 0 0 0 0 0 0
2336 8 0 0 4 0 0 0 0 0
2337 9 0 0 6 0 0 0 0 0
2340 12 0 0 3 0 0 0 0 0
2348 24 0 0 3 0 0 12 0 0
2349 6 0 0 0 0 0 0 0 0
2361 5 0 0 2 0 0 1 0 0
2362 2 0 0 0 0 0 1 0 0
2371 4 1 1 0 0 0 0 0 0
2380 4 1 1 0 0 0 0 0 0
2441 2 1 1 1 0 0 0 0 0
2449 2 0 0 1 0 0 0 0 0
2450 1 0 0 1 0 0 0 0 0
2460 2 0 0 1 0 0 0 0 0
2467 4 1 1 1 0 0 0 0 0
2475 2 0 0 0 0 0 0 0 0
2477 5 2 2 0 0 0 3 0 0
2478 4 0 0 2 0 0 0 0 0
2480 1 1 1 0 0 0 0 0 0
2483 2 0 0 0 0 0 0 0 0
2521 3 0 0 1 0 0 0 0 0
2522 2 1 1 0 0 0 1 0 0
2523 3 0 0 1 0 0 1 0 0
2529 4 1 1 1 0 0 0 0 0
2532 4 2 2 1 0 0 0 0 0
2560 1 0 0 0 0 0 0 0 0
2572 3 0 0 0 0 0 0 0 0
2591 1 1 1 1 0 0 0 0 0
2594 2 0 0 0 0 0 0 0 0
2595 7 0 0 1 0 0 0 0 0
2597 2 0 0 0 0 0 0 0 0
2598 5 0 0 0 0 0 3 0 0
2610 4 1 1 2 0 0 0 0 0
2650 1 1 1 0 0 0 0 0 0
2652 1 0 0 0 0 0 1 0 0
2653 5 0 0 0 0 0 1 1 1
2654 1 0 0 1 0 0 0 0 0
2665 3 1 1 1 0 0 0 0 0
2698 3 1 1 2 0 0 0 0 0
2699 1 0 0 0 0 0 1 0 0
2703 1 1 1 1 0 0 0 0 0
2704 2 0 0 1 0 0 0 0 0
2707 2 0 0 1 0 0 0 0 0
2709 1 0 0 0 0 0 0 0 0
2710 1 0 0 0 0 0 0 0 0
2711 1 0 0 0 0 0 1 0 0
2712 7 0 0 0 0 0 1 0 0
2713 2 1 1 0 0 0 1 1 1
2715 1 0 0 0 0 0 0 0 0
3790 40 1 1 0 0 0 30 0 0
3822 10 0 0 0 0 0 0 0 0
3831 10 0 0 0 0 0 0 0 0
3847 10 1 1 0 0 0 0 0 0
3901 117 3 2 0 0 0 0 0 0
3918 20 1 1 5 0 0 5 0 0
3919 15 0 0 0 0 0 0 0 0
3930 20 0 0 5 2 1 0 0 0
4122 10 1 1 0 0 0 0 0 0
4124 20 1 1 0 0 0 0 0 0
4127 15 0 0 5 2 1 0 0 0
4195 5 1 1 0 0 0 0 0 0
4196 10 1 1 0 0 0 0 0 0
4197 10 0 0 0 0 0 0 0 0
4198 10 0 0 5 1 1 0 0 0
4199 15 0 0 0 0 0 0 0 0
4204 20 0 0 0 0 0 0 0 0
4208 18 1 1 0 0 0 0 0 0
4211 4 1 1 1 0 0 0 0 0
4308 10 1 1 5 0 0 5 0 0
4309 15 0 0 5 1 1 5 0 0
4311 10 0 0 5 0 0 0 0 0
4314 20 0 0 0 0 0 5 0 0
4316 1 0 0 0 0 0 0 0 0
4317 2 0 0 1 0 0 0 0 0
4318 1 0 0 0 0 0 1 0 0
4319 8 1 1 0 0 0 1 0 0
4321 2 0 0 0 0 0 1 1 1
4324 1 0 0 0 0 0 0 0 0
4335 1 0 0 0 0 0 0 0 0
4336 16 1 1 0 0 0 4 0 0
4340 45 1 1 35 0 0 0 0 0
fn=alloc_perturb
1887 4 1 1 0 0 0 0 0 0
1888 12 0 0 4 0 0 0 0 0
1890 4 0 0 4 0 0 0 0 0
fn=free
3319 3 1 1 0 0 0 0 0 0
3322 6 0 0 0 0 0 0 0 0
3330 3 1 1 0 0 0 0 0 0
3333 9 1 1 3 3 3 0 0 0
3337 6 0 0 0 0 0 0 0 0
3341 9 0 0 3 0 0 0 0 0
3370 6 0 0 0 0 0 0 0 0
3374 9 0 0 0 0 0 0 0 0
fn=malloc
1269 10 0 0 0 0 0 0 0 0
1288 20 0 0 0 0 0 0 0 0
3283 5 1 1 0 0 0 0 0 0
3287 15 0 0 5 2 2 0 0 0
3289 3 0 0 0 0 0 0 0 0
3291 2 1 1 0 0 0 0 0 0
3293 6 0 0 3 3 3 0 0 0
3306 5 1 1 0 0 0 0 0 0
fn=munmap_chunk
1426 6 0 0 3 0 0 0 0 0
1433 6 0 0 0 0 0 0 0 0
1440 9 0 0 0 0 0 0 0 0
2799 6 1 1 0 0 0 3 0 0
2800 3 0 0 3 0 0 0 0 0
2802 9 0 0 3 0 0 0 0 0
2804 3 0 0 0 0 0 0 0 0
2812 15 1 1 3 0 0 0 0 0
2813 15 0 0 0 0 0 0 0 0
2816 3 0 0 6 0 0 0 0 0
2817 9 0 0 6 0 0 0 0 0
2822 6 1 1 0 0 0 0 0 0
2823 3 0 0 3 0 0 0 0 0
fn=sysmalloc_mmap
1448 9 0 0 0 0 0 3 3 3
1449 9 0 0 0 0 0 3 0 0
1912 6 1 1 3 0 0 0 0 0
2244 21 1 1 0 0 0 12 0 0
2246 9 0 0 0 0 0 0 0 0
2248 27 0 0 0 0 0 3 0 0
2251 6 1 1 0 0 0 0 0 0
2253 6 0 0 0 0 0 0 0 0
2256 12 1 1 0 0 0 3 0 0
2261 12 1 1 6 0 0 0 0 0
2262 15 0 0 6 0 0 0 0 0
2265 9 0 0 6 0 0 0 0 0
2266 15 0 0 6 0 0 0 0 0
2270 3 0 0 0 0 0 0 0 0
2271 21 0 0 15 0 0 0 0 0
fl=./malloc/./malloc/morecore.c
fn=__glibc_morecore
25 6 2 2 0 0 0 2 0 0
26 4 0 0 2 1 0 0 0 0
29 2 0 0 0 0 0 2 0 0
30 4 0 0 0 0 0 0 0 0
34 4 0 0 4 0 0 0 0 0
fl=./malloc/./malloc/scratch_buffer_set_array_size.c
fn=__libc_scratch_buffer_set_array_size
30 65 1 1 0 0 0 20 0 0
34 5 0 0 0 0 0 0 0 0
35 10 0 0 0 0 0 0 0 0
45 10 1 1 5 0 0 0 0 0
46 5 0 0 0 0 0 0 0 0
63 30 0 0 25 0 0 0 0 0
fl=./math/../sysdeps/x86_64/fpu/multiarch/e_asin.c
fn=__acos_finite@GLIBC_2.15
37 2 2 2 1 0 0 0 0 0
fn=__asin_finite@GLIBC_2.15
29 2 1 1 1 0 0 0 0 0
fl=./math/../sysdeps/x86_64/fpu/multiarch/e_atan2.c
fn=__atan2_finite@GLIBC_2.15
28 2 1 1 1 0 0 0 0 0
fl=./math/../sysdeps/x86_64/fpu/multiarch/e_atanh.c
fn=__atanh_finite@GLIBC_2.15
28 2 1 1 1 0 0 0 0 0
fl=./math/../sysdeps/x86_64/fpu/multiarch/e_exp.c
fn=__exp_finite@GLIBC_2.15
29 2 1 1 1 0 0 0 0 0
fl=./math/../sysdeps/x86_64/fpu/multiarch/e_exp2f.c
fn=exp2f@@GLIBC_2.27
29 6 1 1 3 0 0 0 0 0
fl=./math/../sysdeps/x86_64/fpu/multiarch/e_expf.c
fn=expf@@GLIBC_2.27
29 12 1 1 6 0 0 0 0 0
fl=./math/../sysdeps/x86_64/fpu/multiarch/e_log.c
fn=__log_finite@GLIBC_2.15
29 2 1 1 1 0 0 0 0 0
fl=./math/../sysdeps/x86_64/fpu/multiarch/e_log2.c
fn=log2@@GLIBC_2.29
29 6 1 1 3 0 0 0 0 0
fl=./math/../sysdeps/x86_64/fpu/multiarch/e_log2f.c
fn=log2f@@GLIBC_2.27
29 6 1 1 3 0 0 0 0 0
fl=./math/../sysdeps/x86_64/fpu/multiarch/e_logf.c
fn=logf@@GLIBC_2.27
29 6 1 1 3 0 0 0 0 0
fl=./math/../sysdeps/x86_64/fpu/multiarch/e_pow.c
fn=__pow_finite@GLIBC_2.15
29 2 1 1 1 0 0 0 0 0
fl=./math/../sysdeps/x86_64/fpu/multiarch/e_powf.c
fn=powf@@GLIBC_2.27
32 2 1 1 1 0 0 0 0 0
fl=./math/../sysdeps/x86_64/fpu/multiarch/e_sinh.c
fn=__sinh_finite@GLIBC_2.15
28 2 1 1 1 0 0 0 0 0
fl=./math/../sysdeps/x86_64/fpu/multiarch/ifunc-avx-fma4.h
fn=__atan2_finite@GLIBC_2.15
32 5 0 0 2 0 0 0 0 0
33 2 1 1 1 0 0 0 0 0
fn=__exp_finite@GLIBC_2.15
32 5 1 1 2 0 0 0 0 0
33 2 0 0 1 0 0 0 0 0
fn=__log_finite@GLIBC_2.15
32 5 0 0 2 0 0 0 0 0
33 2 1 1 1 0 0 0 0 0
fn=atan
32 5 0 0 2 0 0 0 0 0
33 2 1 1 1 0 0 0 0 0
fn=cos
32 5 0 0 2 0 0 0 0 0
33 2 0 0 1 0 0 0 0 0
fn=sin
32 5 0 0 2 0 0 0 0 0
33 2 0 0 1 0 0 0 0 0
fn=tan
32 5 0 0 2 0 0 0 0 0
33 2 0 0 1 0 0 0 0 0
fl=./math/../sysdeps/x86_64/fpu/multiarch/ifunc-fma.h
fn=__atanh_finite@GLIBC_2.15
29 4 0 0 2 0 0 0 0 0
30 4 1 1 1 0 0 0 0 0
fn=__log1p
29 4 0 0 2 0 0 0 0 0
30 4 1 1 1 0 0 0 0 0
fn=__sinh_finite@GLIBC_2.15
29 4 0 0 2 0 0 0 0 0
30 4 1 1 1 0 0 0 0 0
fn=cosf
29 4 0 0 2 0 0 0 0 0
30 4 1 1 1 0 0 0 0 0
fn=exp2f@@GLIBC_2.27
30 4 0 0 1 0 0 0 0 0
fn=expf@@GLIBC_2.27
30 8 1 1 2 0 0 0 0 0
fn=expm1
29 4 1 1 2 0 0 0 0 0
30 4 0 0 1 0 0 0 0 0
fn=log2@@GLIBC_2.29
30 4 1 1 1 0 0 0 0 0
fn=log2f@@GLIBC_2.27
30 4 0 0 1 0 0 0 0 0
fn=logf@@GLIBC_2.27
30 4 1 1 1 0 0 0 0 0
fn=powf@@GLIBC_2.27
29 4 1 1 2 0 0 0 0 0
30 4 0 0 1 0 0 0 0 0
fn=sincosf
29 4 1 1 2 0 0 0 0 0
30 4 0 0 1 0 0 0 0 0
fn=sinf
29 4 0 0 2 0 0 0 0 0
30 4 0 0 1 0 0 0 0 0
fl=./math/../sysdeps/x86_64/fpu/multiarch/ifunc-fma4.h
fn=__acos_finite@GLIBC_2.15
31 4 0 0 2 0 0 0 0 0
32 2 0 0 1 0 0 0 0 0
fn=__asin_finite@GLIBC_2.15
31 4 0 0 2 0 0 0 0 0
32 2 0 0 1 0 0 0 0 0
fn=__pow_finite@GLIBC_2.15
31 4 1 1 2 0 0 0 0 0
32 2 0 0 1 0 0 0 0 0
fn=sincos
31 4 0 0 2 0 0 0 0 0
32 2 0 0 1 0 0 0 0 0
fl=./math/../sysdeps/x86_64/fpu/multiarch/ifunc-sse4_1.h
fn=ceil
29 5 1 1 2 0 0 0 0 0
fn=ceilf
29 5 0 0 2 0 0 0 0 0
fn=floor
29 5 0 0 2 0 0 0 0 0
fn=floorf
29 5 1 1 2 0 0 0 0 0
fn=roundeven
29 5 0 0 2 0 0 0 0 0
fn=roundevenf
29 5 1 1 2 0 0 0 0 0
fn=trunc
29 5 1 1 2 0 0 0 0 0
fn=truncf
29 5 0 0 2 0 0 0 0 0
fl=./math/../sysdeps/x86_64/fpu/multiarch/s_atan.c
fn=atan
28 2 1 1 1 0 0 0 0 0
fl=./math/../sysdeps/x86_64/fpu/multiarch/s_ceil.c
fn=ceil
33 2 1 1 1 0 0 0 0 0
fl=./math/../sysdeps/x86_64/fpu/multiarch/s_ceilf.c
fn=ceilf
33 2 1 1 1 0 0 0 0 0
fl=./math/../sysdeps/x86_64/fpu/multiarch/s_cosf.c
fn=cosf
28 2 1 1 1 0 0 0 0 0
fl=./math/../sysdeps/x86_64/fpu/multiarch/s_expm1.c
fn=expm1
28 2 1 1 1 0 0 0 0 0
fl=./math/../sysdeps/x86_64/fpu/multiarch/s_floor.c
fn=floor
33 2 1 1 1 0 0 0 0 0
fl=./math/../sysdeps/x86_64/fpu/multiarch/s_floorf.c
fn=floorf
33 2 1 1 1 0 0 0 0 0
fl=./math/../sysdeps/x86_64/fpu/multiarch/s_fma.c
fn=fma
49 6 1 1 3 0 0 0 0 0
fl=./math/../sysdeps/x86_64/fpu/multiarch/s_fmaf.c
fn=fmaf
44 6 2 2 3 0 0 0 0 0
fl=./math/../sysdeps/x86_64/fpu/multiarch/s_log1p.c
fn=__log1p
28 2 1 1 1 0 0 0 0 0
fl=./math/../sysdeps/x86_64/fpu/multiarch/s_roundeven.c
fn=roundeven
32 2 1 1 1 0 0 0 0 0
fl=./math/../sysdeps/x86_64/fpu/multiarch/s_roundevenf.c
fn=roundevenf
32 2 1 1 1 0 0 0 0 0
fl=./math/../sysdeps/x86_64/fpu/multiarch/s_sin.c
fn=cos
36 2 2 2 1 0 0 0 0 0
fn=sin
29 2 1 1 1 0 0 0 0 0
fl=./math/../sysdeps/x86_64/fpu/multiarch/s_sincos.c
fn=sincos
29 2 1 1 1 0 0 0 0 0
fl=./math/../sysdeps/x86_64/fpu/multiarch/s_sincosf.c
fn=sincosf
28 2 1 1 1 0 0 0 0 0
fl=./math/../sysdeps/x86_64/fpu/multiarch/s_sinf.c
fn=sinf
28 2 1 1 1 0 0 0 0 0
fl=./math/../sysdeps/x86_64/fpu/multiarch/s_tan.c
fn=tan
28 2 2 2 1 0 0 0 0 0
fl=./math/../sysdeps/x86_64/fpu/multiarch/s_trunc.c
fn=trunc
33 2 1 1 1 0 0 0 0 0
fl=./math/../sysdeps/x86_64/fpu/multiarch/s_truncf.c
fn=truncf
33 2 1 1 1 0 0 0 0 0
fl=./misc/../sysdeps/unix/syscall-template.S
fn=mprotect
117 35 1 1 0 0 0 0 0 0
122 7 0 0 7 0 0 0 0 0
fn=munmap
117 20 2 2 0 0 0 0 0 0
122 4 0 0 4 0 0 0 0 0
fl=./misc/../sysdeps/unix/sysv/linux/brk.c
fn=brk
36 2 1 1 0 0 0 0 0 0
37 4 0 0 2 0 0 2 0 0
38 4 0 0 0 0 0 0 0 0
44 2 0 0 0 0 0 0 0 0
45 2 0 0 2 0 0 0 0 0
fl=./misc/../sysdeps/unix/sysv/linux/brk_call.h
fn=brk
24 4 0 0 0 0 0 0 0 0
fl=./misc/../sysdeps/unix/sysv/linux/mmap64.c
fn=mmap
47 203 3 3 0 0 0 87 2 1
50 58 0 0 0 0 0 0 0 0
53 128 2 2 5 0 0 0 0 0
58 174 0 0 0 0 0 0 0 0
60 116 0 0 116 0 0 0 0 0
fl=./misc/../sysdeps/unix/sysv/linux/setvmaname.c
fn=__is_decorate_maps_enabled
33 2 1 1 0 0 0 0 0 0
34 6 0 0 2 0 0 0 0 0
43 4 0 0 2 0 0 0 0 0
fn=__set_vma_name
34 31 1 1 9 1 1 3 0 0
37 24 1 1 8 0 0 6 0 0
42 2 0 0 0 0 0 2 0 0
43 1 0 0 0 0 0 0 0 0
60 21 3 3 0 0 0 4 0 0
70 21 1 1 16 0 0 2 1 1
fl=./misc/./misc/init-misc.c
fn=__init_misc
30 5 1 1 0 0 0 2 0 0
31 5 0 0 1 0 0 0 0 0
33 4 0 0 0 0 0 2 0 0
37 6 1 1 2 0 0 1 1 1
38 4 0 0 3 0 0 1 0 0
40 2 0 0 2 0 0 0 0 0
fl=./misc/./misc/sbrk.c
fn=sbrk
37 10 1 1 0 0 0 2 0 0
40 4 1 1 4 1 1 0 0 0
43 4 0 0 2 0 0 0 0 0
58 4 0 0 0 0 0 0 0 0
59 4 0 0 0 0 0 1 0 0
62 4 0 0 0 0 0 0 0 0
63 4 1 1 3 0 0 0 0 0
66 4 0 0 0 0 0 1 0 0
67 1 0 0 0 0 0 0 0 0
74 4 0 0 1 0 0 1 0 0
78 7 1 1 4 0 0 1 0 0
fl=./nptl/../sysdeps/nptl/futex-internal.h
fn=__pthread_once_slow.isra.0
189 8 0 0 0 0 0 0 0 0
fl=./nptl/./nptl/cancellation.c
fn=__syscall_cancel
37 2 0 0 2 1 1 0 0 0
38 2 0 0 1 0 0 0 0 0
40 3 1 1 1 0 0 0 0 0
74 5 1 1 0 0 0 1 0 0
79 2 0 0 0 0 0 0 0 0
80 3 0 0 2 0 0 0 0 0
fl=./nptl/./nptl/cleanup_compat.c
fn=_pthread_cleanup_pop@@GLIBC_2.34
40 1 0 0 0 0 0 0 0 0
43 2 0 0 1 0 0 1 0 0
47 2 0 0 0 0 0 0 0 0
49 1 0 0 1 0 0 0 0 0
fn=_pthread_cleanup_push@@GLIBC_2.34
25 1 1 1 0 0 0 0 0 0
28 1 0 0 0 0 0 1 0 0
29 1 0 0 0 0 0 1 0 0
30 2 0 0 1 1 1 1 0 0
32 1 1 1 0 0 0 1 0 0
33 1 0 0 1 0 0 0 0 0
fl=./nptl/./nptl/libc-cleanup.c
fn=__libc_cleanup_pop_restore
54 2 1 1 0 0 0 0 0 0
55 2 0 0 2 0 0 0 0 0
57 4 0 0 2 0 0 2 0 0
59 4 0 0 2 0 0 0 0 0
60 6 0 0 2 0 0 0 0 0
71 2 1 1 2 0 0 0 0 0
fn=__libc_cleanup_push_defer
24 2 1 1 0 0 0 0 0 0
25 2 0 0 2 0 0 0 0 0
27 4 1 1 2 0 0 2 0 0
29 4 0 0 2 0 0 0 0 0
32 4 0 0 0 0 0 0 0 0
46 6 0 0 0 0 0 2 0 0
48 2 0 0 0 0 0 2 0 0
49 2 0 0 2 0 0 0 0 0
fl=./nptl/./nptl/pthread_mutex_conf.c
fn=__pthread_tunables_init
55 5 1 1 0 0 0 2 0 0
56 6 0 0 1 0 0 2 0 0
58 4 1 1 0 0 0 1 0 0
60 4 0 0 0 0 0 1 0 0
62 6 0 0 5 0 0 0 0 0
fl=./nptl/./nptl/pthread_mutex_lock.c
fn=pthread_mutex_lock@@GLIBC_2.2.5
44 1 1 1 1 0 0 0 0 0
45 7 0 0 2 0 0 0 0 0
46 3 1 1 0 0 0 1 0 0
71 4 1 1 0 0 0 1 0 0
74 1 0 0 1 0 0 0 0 0
76 1 0 0 0 0 0 0 0 0
78 3 0 0 0 0 0 0 0 0
81 1 0 0 1 1 1 0 0 0
83 2 1 1 0 0 0 0 0 0
90 2 1 1 0 0 0 0 0 0
95 2 0 0 1 0 0 0 0 0
104 1 0 0 0 0 0 0 0 0
110 3 0 0 1 0 0 0 0 0
111 2 0 0 0 0 0 1 0 0
158 1 0 0 0 0 0 1 0 0
160 1 0 0 1 0 0 0 0 0
163 1 0 0 0 0 0 0 0 0
166 2 0 0 2 0 0 0 0 0
fl=./nptl/./nptl/pthread_mutex_unlock.c
fn=pthread_mutex_unlock@@GLIBC_2.2.5
39 1 0 0 1 0 0 0 0 0
40 4 0 0 1 0 0 0 0 0
41 1 0 0 0 0 0 1 0 0
51 1 0 0 1 0 0 0 0 0
52 2 0 0 0 0 0 0 0 0
55 2 0 0 0 0 0 0 0 0
60 1 0 0 0 0 0 1 0 0
63 1 0 0 1 0 0 0 0 0
68 1 0 0 0 0 0 0 0 0
70 1 0 0 0 0 0 0 0 0
72 2 1 1 0 0 0 0 0 0
75 3 0 0 2 0 0 0 0 0
78 2 0 0 1 0 0 0 0 0
357 4 2 2 0 0 0 1 0 0
359 2 0 0 2 0 0 0 0 0
fl=./nptl/./nptl/pthread_once.c
fn=__pthread_once_slow.isra.0
67 9 1 1 1 0 0 4 0 0
76 1 1 1 1 0 0 0 0 0
80 2 0 0 0 0 0 0 0 0
88 2 0 0 1 1 1 0 0 0
92 2 0 0 1 0 0 0 0 0
101 4 0 0 0 0 0 0 0 0
114 14 2 2 0 0 0 9 0 0
116 2 0 0 1 0 0 1 0 0
118 3 0 0 0 0 0 1 0 0
124 2 0 0 1 0 0 1 0 0
132 8 0 0 6 0 0 0 0 0
fn=pthread_once@@GLIBC_2.34
136 16 2 2 0 0 0 1 0 0
139 14 0 0 14 1 1 0 0 0
140 28 0 0 0 0 0 0 0 0
143 1 0 0 0 0 0 1 0 0
144 29 0 0 15 0 0 0 0 0
fl=./posix/../malloc/dynarray-skeleton.c
fn=__unregister_atfork
243 5 0 0 5 1 1 0 0 0
fl=./posix/../sysdeps/unix/sysv/linux/_exit.c
fn=_Exit
27 3 1 1 1 1 0 0 0 0
30 2 0 0 0 0 0 0 0 0
fl=./posix/./posix/register-atfork.c
fn=__unregister_atfork
71 10 0 0 0 0 0 0 0 0
82 25 1 1 0 0 0 5 0 0
83 20 0 0 5 1 1 0 0 0
109 20 1 1 10 0 0 0 0 0
110 10 0 0 10 0 0 0 0 0
fl=./resource/../sysdeps/unix/sysv/linux/getrlimit64.c
fn=getrlimit
38 2 1 1 0 0 0 0 0 0
39 7 0 0 0 0 0 0 0 0
40 1 0 0 1 0 0 0 0 0
fl=./setjmp/../sysdeps/x86_64/bsd-_setjmp.S
fn=_setjmp
28 1 1 1 0 0 0 0 0 0
30 1 0 0 0 0 0 0 0 0
32 1 0 0 0 0 0 0 0 0
fl=./setjmp/../sysdeps/x86_64/setjmp.S
fn=__sigsetjmp
31 14 2 2 0 0 0 0 0 0
33 14 0 0 0 0 0 14 0 0
42 14 0 0 0 0 0 0 0 0
43 28 0 0 14 0 0 0 0 0
44 14 0 0 0 0 0 14 0 0
48 14 0 0 0 0 0 14 0 0
49 14 1 1 0 0 0 14 0 0
50 14 0 0 0 0 0 14 0 0
51 14 0 0 0 0 0 14 0 0
52 14 0 0 0 0 0 0 0 0
54 28 1 1 14 0 0 0 0 0
56 14 0 0 0 0 0 14 1 1
57 14 0 0 14 0 0 0 0 0
58 14 0 0 0 0 0 0 0 0
60 28 0 0 14 0 0 0 0 0
62 14 0 0 0 0 0 14 0 0
67 1 1 1 1 1 1 0 0 0
68 1 0 0 0 0 0 0 0 0
70 13 0 0 0 0 0 0 0 0
73 13 0 0 0 0 0 0 0 0
74 13 0 0 0 0 0 13 0 0
81 13 0 0 0 0 0 0 0 0
82 13 0 0 13 0 0 0 0 0
85 1 0 0 0 0 0 0 0 0
fl=./setjmp/./setjmp/sigjmp.c
fn=__sigjmp_save
28 1 0 0 0 0 0 0 0 0
29 1 0 0 0 0 0 1 0 0
30 2 0 0 0 0 0 0 0 0
34 2 0 0 1 0 0 0 0 0
fl=./stdlib/../stdlib/strtol.c
fn=__isoc23_strtol
125 1 1 1 0 0 0 0 0 0
126 5 0 0 2 0 0 0 0 0
fl=./stdlib/../stdlib/strtol_l.c
fn=____strtol_l_internal
238 11 0 0 0 0 0 6 0 0
257 1 0 0 0 0 0 0 0 0
258 2 0 0 0 0 0 0 0 0
264 2 1 1 0 0 0 0 0 0
292 1 0 0 0 0 0 0 0 0
295 6 0 0 0 0 0 0 0 0
301 1 0 0 0 0 0 0 0 0
304 8 1 1 3 1 1 3 0 0
306 2 1 1 0 0 0 0 0 0
310 1 0 0 0 0 0 1 0 0
311 2 0 0 0 0 0 0 0 0
316 2 0 0 0 0 0 0 0 0
320 2 0 0 0 0 0 0 0 0
335 2 0 0 0 0 0 0 0 0
342 2 1 1 0 0 0 0 0 0
345 4 1 1 0 0 0 1 0 0
393 1 0 0 0 0 0 0 0 0
394 1 0 0 0 0 0 0 0 0
395 1 0 0 0 0 0 0 0 0
449 6 0 0 3 0 0 0 0 0
451 17 0 0 1 1 0 0 0 0
453 9 0 0 0 0 0 0 0 0
477 1 0 0 1 0 0 0 0 0
478 1 0 0 0 0 0 0 0 0
481 9 1 1 0 0 0 0 0 0
484 12 0 0 0 0 0 0 0 0
489 5 1 1 0 0 0 0 0 0
490 9 0 0 0 0 0 0 0 0
495 2 1 1 0 0 0 0 0 0
500 3 0 0 1 0 0 0 0 0
506 2 0 0 0 0 0 0 0 0
507 2 0 0 0 0 0 0 0 0
509 4 0 0 1 0 0 0 0 0
546 8 0 0 7 0 0 0 0 0
fl=./stdlib/../sysdeps/unix/sysv/linux/getrandom.c
fn=__getrandom_early_init
238 7 1 1 1 0 0 2 0 0
241 6 0 0 2 1 1 0 0 0
278 5 1 1 4 0 0 0 0 0
fl=./stdlib/./stdlib/atoi.c
fn=atoi
26 3 1 1 0 0 0 1 0 0
27 3 1 1 0 0 0 1 0 0
28 2 0 0 2 0 0 0 0 0
fl=./stdlib/./stdlib/cxa_atexit.c
fn=__cxa_atexit
41 10 0 0 0 0 0 0 0 0
43 40 0 0 5 1 1 0 0 0
44 10 0 0 0 0 0 5 0 0
46 10 0 0 0 0 0 0 0 0
52 15 1 1 5 0 0 0 0 0
53 5 0 0 0 0 0 5 0 0
54 5 0 0 0 0 0 5 3 3
55 5 0 0 0 0 0 5 0 0
56 5 0 0 0 0 0 5 0 0
57 25 0 0 10 0 0 0 0 0
58 5 0 0 0 0 0 0 0 0
67 35 2 2 0 0 0 20 0 0
69 30 0 0 25 0 0 0 0 0
fn=__new_exitfn
80 25 1 1 0 0 0 5 0 0
81 5 0 0 0 0 0 0 0 0
86 10 0 0 5 1 1 0 0 0
91 29 0 0 6 1 1 0 0 0
93 20 1 1 5 0 0 0 0 0
94 16 0 0 4 1 0 0 0 0
101 1 0 0 0 0 0 1 0 0
104 8 0 0 0 0 0 0 0 0
122 1 1 1 0 0 0 0 0 0
123 1 1 1 0 0 0 1 0 0
129 12 0 0 0 0 0 0 0 0
130 8 0 0 0 0 0 4 0 0
134 1 0 0 0 0 0 0 0 0
136 5 0 0 0 0 0 5 0 0
137 5 0 0 5 0 0 0 0 0
141 15 0 0 10 0 0 0 0 0
fl=./stdlib/./stdlib/cxa_finalize.c
fn=__cxa_finalize
45 50 1 1 0 0 0 30 0 0
48 35 1 1 5 0 0 0 0 0
51 35 1 1 10 0 0 0 0 0
55 91 1 1 5 0 0 0 0 0
56 48 0 0 24 1 1 0 0 0
58 8 0 0 4 0 0 4 0 0
60 4 0 0 4 0 0 0 0 0
91 4 0 0 0 0 0 4 0 0
93 12 1 1 8 0 0 0 0 0
96 16 0 0 8 0 0 0 0 0
97 12 0 0 0 0 0 4 0 0
98 16 0 0 4 0 0 0 0 0
102 12 0 0 8 0 0 0 0 0
108 35 0 0 10 1 1 0 0 0
112 30 1 1 5 1 1 0 0 0
120 10 1 1 0 0 0 5 0 0
121 20 0 0 10 0 0 0 0 0
122 40 0 0 35 0 0 0 0 0
fl=./stdlib/./stdlib/cxa_thread_atexit_impl.c
fn=__call_tls_dtors
148 5 1 1 0 0 0 3 0 0
149 4 0 0 2 1 1 0 0 0
165 4 2 2 4 0 0 0 0 0
fl=./stdlib/./stdlib/exit.c
fn=__run_exit_handlers
45 12 2 2 0 0 0 7 0 0
47 9 1 1 4 1 1 1 0 0
50 2 0 0 0 0 0 0 0 0
51 2 1 1 0 0 0 1 0 0
53 7 0 0 1 1 1 0 0 0
64 1 0 0 1 1 1 0 0 0
66 2 0 0 0 0 0 0 0 0
70 1 0 0 0 0 0 1 0 0
74 18 1 1 6 0 0 0 0 0
76 10 0 0 0 0 0 5 0 0
77 5 0 0 5 0 0 0 0 0
79 43 0 0 5 1 1 0 0 0
111 1 0 0 0 0 0 1 0 0
112 1 1 1 1 0 0 0 0 0
113 1 0 0 1 1 1 0 0 0
114 3 1 1 1 0 0 0 0 0
117 4 0 0 2 0 0 0 0 0
118 3 0 0 0 0 0 1 0 0
119 4 0 0 1 0 0 0 0 0
123 3 2 2 1 0 0 0 0 0
129 2 0 0 1 0 0 1 0 0
130 2 0 0 0 0 0 0 0 0
136 4 1 1 2 0 0 0 0 0
138 2 0 0 1 1 0 0 0 0
139 2 0 0 0 0 0 1 0 0
141 2 0 0 0 0 0 1 0 0
fn=exit
147 3 1 1 0 0 0 1 0 0
148 4 0 0 0 0 0 1 0 0
fl=./stdlib/./stdlib/getenv.c
fn=getenv
25 10 1 1 0 0 0 6 0 0
29 1 0 0 1 1 0 0 0 0
42 2 0 0 2 0 0 0 0 0
43 4 0 0 1 1 1 0 0 0
44 1 0 0 0 0 0 0 0 0
46 3 1 1 0 0 0 1 0 0
47 63 0 0 0 0 0 0 0 0
49 63 0 0 63 9 8 0 0 0
50 126 0 0 0 0 0 0 0 0
55 186 0 0 124 22 22 0 0 0
56 72 1 1 0 0 0 12 0 0
69 3 0 0 1 0 0 0 0 0
154 8 1 1 7 0 0 0 0 0
fl=./stdlib/./stdlib/secure-getenv.c
fn=secure_getenv
28 1 1 1 0 0 0 0 0 0
29 5 1 1 2 0 0 0 0 0
fl=./string/../include/rtld-malloc.h
fn=strdup
56 12 0 0 6 0 0 6 0 0
fl=./string/../string/strcspn.c
fn=strcspn
32 5 1 1 0 0 0 1 0 0
33 3 0 0 1 1 1 0 0 0
34 2 0 0 1 0 0 0 0 0
39 6 1 1 0 0 0 4 2 2
40 4 0 0 0 0 0 4 1 1
41 4 0 0 0 0 0 4 1 1
42 4 1 1 0 0 0 4 0 0
44 1 0 0 0 0 0 0 0 0
47 9 0 0 3 0 0 3 0 0
48 6 0 0 0 0 0 0 0 0
51 4 0 0 2 0 0 0 0 0
52 4 1 1 2 0 0 0 0 0
53 4 0 0 2 0 0 0 0 0
54 4 0 0 2 0 0 0 0 0
56 3 0 0 0 0 0 0 0 0
61 13 0 0 0 0 0 0 0 0
62 26 1 1 26 1 1 0 0 0
63 26 0 0 26 0 0 0 0 0
64 26 0 0 26 0 0 0 0 0
65 13 0 0 13 0 0 0 0 0
67 78 0 0 13 0 0 0 0 0
69 1 0 0 0 0 0 0 0 0
70 4 1 1 0 0 0 0 0 0
71 2 0 0 2 0 0 0 0 0
fl=./string/../sysdeps/x86/cacheinfo.c
fn=__x86_cacheinfo
86 3 1 1 1 0 0 0 0 0
fl=./string/../sysdeps/x86/cacheinfo.h
fn=__x86_cacheinfo
62 1 0 0 1 0 0 0 0 0
65 3 0 0 1 1 0 0 0 0
67 3 0 0 0 0 0 1 1 1
68 1 0 0 0 0 0 1 1 1
74 3 1 1 1 0 0 0 0 0
76 3 0 0 0 0 0 1 0 0
77 1 0 0 0 0 0 1 0 0
81 2 0 0 1 0 0 1 1 1
84 2 0 0 1 0 0 1 0 0
86 2 1 1 1 1 0 1 0 0
87 2 0 0 1 0 0 1 0 0
88 2 0 0 1 0 0 1 0 0
90 2 0 0 1 0 0 0 0 0
fl=./string/../sysdeps/x86_64/multiarch/../multiarch/memcmp-sse2.S
fn=bcmp
59 1 1 1 0 0 0 0 0 0
71 1 0 0 0 0 0 0 0 0
72 1 0 0 0 0 0 0 0 0
94 1 0 0 0 0 0 0 0 0
95 1 0 0 0 0 0 0 0 0
140 1 1 1 1 0 0 0 0 0
141 1 0 0 1 0 0 0 0 0
143 1 0 0 0 0 0 0 0 0
144 1 0 0 0 0 0 0 0 0
146 1 0 0 1 0 0 0 0 0
147 1 0 0 1 0 0 0 0 0
149 1 0 0 0 0 0 0 0 0
150 1 0 0 0 0 0 0 0 0
197 1 0 0 0 0 0 0 0 0
198 1 0 0 0 0 0 0 0 0
199 1 0 0 0 0 0 0 0 0
200 1 0 0 0 0 0 0 0 0
201 1 0 0 0 0 0 0 0 0
202 1 0 0 1 0 0 0 0 0
fl=./string/../sysdeps/x86_64/multiarch/../multiarch/memset-vec-unaligned-erms.S
fn=memset
137 13 1 1 0 0 0 0 0 0
138 65 0 0 0 0 0 0 0 0
143 13 0 0 0 0 0 0 0 0
144 13 0 0 0 0 0 0 0 0
147 6 0 0 0 0 0 0 0 0
148 6 0 0 0 0 0 0 0 0
150 2 0 0 0 0 0 2 2 2
151 2 0 0 0 0 0 2 0 0
152 2 0 0 2 0 0 0 0 0
236 4 1 1 0 0 0 4 3 3
237 4 0 0 0 0 0 4 0 0
249 4 0 0 0 0 0 0 0 0
252 4 0 0 0 0 0 0 0 0
253 4 0 0 0 0 0 0 0 0
265 4 0 0 0 0 0 4 1 1
266 4 0 0 0 0 0 4 2 2
279 4 0 0 0 0 0 0 0 0
280 4 0 0 0 0 0 0 0 0
282 4 0 0 0 0 0 0 0 0
285 3 0 0 0 0 0 0 0 0
288 6 0 0 0 0 0 0 0 0
291 92 0 0 0 0 0 92 35 35
292 92 0 0 0 0 0 92 0 0
293 92 0 0 0 0 0 92 50 50
294 92 0 0 0 0 0 92 6 6
295 92 0 0 0 0 0 0 0 0
296 92 0 0 0 0 0 0 0 0
297 92 0 0 0 0 0 0 0 0
300 4 0 0 0 0 0 4 1 1
301 4 0 0 0 0 0 4 0 0
302 4 0 0 0 0 0 4 0 0
303 4 0 0 0 0 0 4 0 0
308 4 0 0 4 0 0 0 0 0
354 7 1 1 0 0 0 0 0 0
356 7 0 0 0 0 0 0 0 0
357 7 0 0 0 0 0 0 0 0
396 7 1 1 0 0 0 7 2 2
397 7 0 0 0 0 0 7 1 1
399 7 0 0 7 0 0 0 0 0
fl=./string/../sysdeps/x86_64/multiarch/../multiarch/strchr-sse2.S
fn=index
32 28 1 1 0 0 0 0 0 0
33 28 0 0 0 0 0 0 0 0
34 28 0 0 0 0 0 0 0 0
35 28 0 0 0 0 0 0 0 0
36 28 1 1 0 0 0 0 0 0
37 28 0 0 0 0 0 0 0 0
38 28 0 0 0 0 0 0 0 0
39 28 0 0 0 0 0 0 0 0
40 28 0 0 0 0 0 0 0 0
41 28 0 0 28 3 3 0 0 0
42 28 0 0 0 0 0 0 0 0
43 28 0 0 0 0 0 0 0 0
44 28 0 0 0 0 0 0 0 0
45 28 0 0 0 0 0 0 0 0
46 28 0 0 0 0 0 0 0 0
47 28 0 0 0 0 0 0 0 0
48 28 0 0 0 0 0 0 0 0
49 28 0 0 0 0 0 0 0 0
50 23 0 0 0 0 0 0 0 0
54 23 0 0 0 0 0 0 0 0
55 23 1 1 0 0 0 0 0 0
56 23 0 0 23 0 0 0 0 0
57 23 0 0 0 0 0 0 0 0
59 23 0 0 23 0 0 0 0 0
63 5 0 0 5 0 0 0 0 0
64 5 0 0 0 0 0 0 0 0
65 5 0 0 0 0 0 0 0 0
66 5 0 0 0 0 0 0 0 0
67 5 0 0 0 0 0 0 0 0
68 5 0 0 0 0 0 0 0 0
69 5 0 0 5 1 1 0 0 0
70 5 0 0 0 0 0 0 0 0
71 5 0 0 0 0 0 0 0 0
72 5 0 0 0 0 0 0 0 0
73 5 0 0 0 0 0 0 0 0
74 5 1 1 0 0 0 0 0 0
75 5 0 0 0 0 0 0 0 0
76 5 0 0 5 1 1 0 0 0
77 5 0 0 0 0 0 0 0 0
78 5 0 0 0 0 0 0 0 0
79 5 0 0 0 0 0 0 0 0
80 5 0 0 0 0 0 0 0 0
81 5 0 0 0 0 0 0 0 0
82 5 0 0 0 0 0 0 0 0
83 5 0 0 0 0 0 0 0 0
84 5 0 0 0 0 0 0 0 0
85 5 0 0 0 0 0 0 0 0
86 5 0 0 0 0 0 0 0 0
138 5 1 1 0 0 0 0 0 0
142 5 0 0 0 0 0 0 0 0
143 5 0 0 0 0 0 0 0 0
144 5 0 0 5 0 0 0 0 0
145 5 0 0 0 0 0 0 0 0
147 5 0 0 5 0 0 0 0 0
fl=./string/../sysdeps/x86_64/multiarch/../multiarch/strcmp-sse2.S
fn=strcmp
98 2299 1 1 0 0 0 0 0 0
131 2299 0 0 0 0 0 0 0 0
132 2299 0 0 0 0 0 0 0 0
134 2299 0 0 0 0 0 0 0 0
135 2299 0 0 0 0 0 0 0 0
156 2299 0 0 0 0 0 0 0 0
157 2299 0 0 0 0 0 0 0 0
158 1624 0 0 0 0 0 0 0 0
159 1624 0 0 0 0 0 0 0 0
160 1521 0 0 1521 92 61 0 0 0
161 1521 1 1 1521 11 10 0 0 0
162 1521 0 0 1521 0 0 0 0 0
163 1521 0 0 1521 0 0 0 0 0
180 1521 0 0 0 0 0 0 0 0
181 1521 0 0 0 0 0 0 0 0
182 1521 0 0 0 0 0 0 0 0
183 1521 0 0 0 0 0 0 0 0
184 1521 0 0 0 0 0 0 0 0
185 1521 0 0 0 0 0 0 0 0
186 1521 0 0 0 0 0 0 0 0
191 28 0 0 0 0 0 0 0 0
192 84 0 0 0 0 0 0 0 0
201 806 1 1 0 0 0 0 0 0
202 806 0 0 0 0 0 0 0 0
203 806 0 0 0 0 0 0 0 0
204 806 0 0 0 0 0 0 0 0
205 806 0 0 0 0 0 0 0 0
206 806 0 0 0 0 0 0 0 0
207 806 0 0 0 0 0 0 0 0
208 806 0 0 0 0 0 0 0 0
209 250 0 0 0 0 0 0 0 0
210 115 0 0 0 0 0 0 0 0
211 115 0 0 0 0 0 0 0 0
212 115 0 0 0 0 0 0 0 0
214 250 0 0 0 0 0 0 0 0
215 250 0 0 0 0 0 0 0 0
216 250 0 0 0 0 0 0 0 0
217 250 0 0 250 5 3 0 0 0
218 250 0 0 0 0 0 0 0 0
219 250 0 0 0 0 0 0 0 0
229 556 1 1 556 4 1 0 0 0
230 556 0 0 0 0 0 0 0 0
231 556 0 0 0 0 0 0 0 0
233 556 0 0 556 2 2 0 0 0
239 556 0 0 0 0 0 0 0 0
240 556 0 0 0 0 0 0 0 0
241 556 0 0 0 0 0 0 0 0
242 556 0 0 0 0 0 0 0 0
243 556 0 0 0 0 0 0 0 0
248 556 0 0 0 0 0 0 0 0
250 549 0 0 0 0 0 0 0 0
251 549 0 0 0 0 0 0 0 0
252 1098 0 0 0 0 0 0 0 0
260 549 1 1 549 3 1 0 0 0
261 549 0 0 549 2 2 0 0 0
264 549 0 0 0 0 0 0 0 0
265 549 0 0 0 0 0 0 0 0
266 549 0 0 0 0 0 0 0 0
267 549 0 0 0 0 0 0 0 0
268 549 0 0 0 0 0 0 0 0
269 549 0 0 0 0 0 0 0 0
424 1 1 1 0 0 0 0 0 0
425 1 0 0 1 0 0 0 0 0
426 1 0 0 1 0 0 0 0 0
427 1 0 0 0 0 0 0 0 0
428 1 0 0 0 0 0 0 0 0
430 1 0 0 0 0 0 0 0 0
431 1 0 0 0 0 0 0 0 0
432 1 1 1 0 0 0 0 0 0
433 1 0 0 0 0 0 0 0 0
434 1 0 0 0 0 0 0 0 0
435 1 0 0 0 0 0 0 0 0
436 1 0 0 0 0 0 0 0 0
437 1 0 0 1 0 0 0 0 0
440 1 0 0 0 0 0 0 0 0
441 1 0 0 0 0 0 0 0 0
442 1 0 0 0 0 0 0 0 0
448 1 0 0 0 0 0 0 0 0
449 1 0 0 0 0 0 0 0 0
450 2 0 0 0 0 0 0 0 0
454 1 1 1 0 0 0 0 0 0
455 1 0 0 0 0 0 0 0 0
458 1 0 0 1 0 0 0 0 0
459 1 0 0 1 0 0 0 0 0
460 1 0 0 0 0 0 0 0 0
462 1 0 0 0 0 0 0 0 0
463 1 0 0 0 0 0 0 0 0
464 1 0 0 0 0 0 0 0 0
468 1 0 0 0 0 0 0 0 0
469 1 0 0 0 0 0 0 0 0
470 1 0 0 0 0 0 0 0 0
471 1 0 0 0 0 0 0 0 0
472 1 0 0 0 0 0 0 0 0
473 1 1 1 0 0 0 0 0 0
542 2 1 1 0 0 0 0 0 0
543 2 0 0 2 0 0 0 0 0
544 2 0 0 2 0 0 0 0 0
545 2 0 0 0 0 0 0 0 0
546 2 0 0 0 0 0 0 0 0
548 2 0 0 0 0 0 0 0 0
549 2 0 0 0 0 0 0 0 0
550 2 1 1 0 0 0 0 0 0
551 2 0 0 0 0 0 0 0 0
552 2 0 0 0 0 0 0 0 0
553 2 0 0 0 0 0 0 0 0
554 2 0 0 0 0 0 0 0 0
555 2 0 0 2 0 0 0 0 0
559 2 0 0 0 0 0 0 0 0
560 2 0 0 0 0 0 0 0 0
561 2 0 0 0 0 0 0 0 0
567 2 0 0 0 0 0 0 0 0
568 2 0 0 0 0 0 0 0 0
569 4 0 0 0 0 0 0 0 0
573 2 1 1 0 0 0 0 0 0
574 2 0 0 0 0 0 0 0 0
577 2 0 0 2 0 0 0 0 0
578 2 0 0 2 1 1 0 0 0
579 2 0 0 0 0 0 0 0 0
581 2 0 0 0 0 0 0 0 0
582 2 0 0 0 0 0 0 0 0
583 2 0 0 0 0 0 0 0 0
587 2 0 0 0 0 0 0 0 0
588 2 0 0 0 0 0 0 0 0
589 2 0 0 0 0 0 0 0 0
590 2 0 0 0 0 0 0 0 0
591 2 0 0 0 0 0 0 0 0
592 2 1 1 0 0 0 0 0 0
661 5 1 1 0 0 0 0 0 0
662 5 0 0 5 3 3 0 0 0
663 5 0 0 5 0 0 0 0 0
664 5 0 0 0 0 0 0 0 0
665 5 0 0 0 0 0 0 0 0
667 5 0 0 0 0 0 0 0 0
668 5 0 0 0 0 0 0 0 0
669 5 1 1 0 0 0 0 0 0
670 5 0 0 0 0 0 0 0 0
671 5 0 0 0 0 0 0 0 0
672 5 0 0 0 0 0 0 0 0
673 5 0 0 0 0 0 0 0 0
674 5 0 0 5 0 0 0 0 0
678 5 0 0 0 0 0 0 0 0
679 5 0 0 0 0 0 0 0 0
680 5 0 0 0 0 0 0 0 0
686 5 0 0 0 0 0 0 0 0
687 5 0 0 0 0 0 0 0 0
688 10 0 0 0 0 0 0 0 0
692 8 1 1 0 0 0 0 0 0
693 8 0 0 0 0 0 0 0 0
696 8 0 0 8 0 0 0 0 0
697 8 0 0 8 5 5 0 0 0
698 8 0 0 0 0 0 0 0 0
700 8 0 0 0 0 0 0 0 0
701 8 0 0 0 0 0 0 0 0
702 8 0 0 0 0 0 0 0 0
706 8 0 0 0 0 0 0 0 0
707 8 0 0 0 0 0 0 0 0
708 8 0 0 0 0 0 0 0 0
709 8 0 0 0 0 0 0 0 0
710 8 0 0 0 0 0 0 0 0
711 8 1 1 0 0 0 0 0 0
718 3 0 0 0 0 0 0 0 0
719 3 0 0 0 0 0 0 0 0
721 3 0 0 0 0 0 0 0 0
722 3 0 0 0 0 0 0 0 0
724 3 0 0 3 0 0 0 0 0
725 3 0 0 3 0 0 0 0 0
726 3 0 0 0 0 0 0 0 0
728 3 0 0 0 0 0 0 0 0
729 3 0 0 0 0 0 0 0 0
730 3 0 0 0 0 0 0 0 0
734 3 0 0 0 0 0 0 0 0
735 3 0 0 0 0 0 0 0 0
736 3 0 0 0 0 0 0 0 0
737 3 0 0 0 0 0 0 0 0
738 3 1 1 0 0 0 0 0 0
739 3 0 0 0 0 0 0 0 0
746 3 0 0 0 0 0 0 0 0
747 3 0 0 0 0 0 0 0 0
748 3 0 0 0 0 0 0 0 0
780 3 1 1 0 0 0 0 0 0
781 3 0 0 3 1 0 0 0 0
782 3 0 0 3 0 0 0 0 0
783 3 0 0 0 0 0 0 0 0
784 3 0 0 0 0 0 0 0 0
786 3 0 0 0 0 0 0 0 0
787 3 0 0 0 0 0 0 0 0
788 3 2 2 0 0 0 0 0 0
789 3 0 0 0 0 0 0 0 0
790 3 0 0 0 0 0 0 0 0
791 3 0 0 0 0 0 0 0 0
792 3 0 0 0 0 0 0 0 0
793 2 0 0 2 0 0 0 0 0
797 2 0 0 0 0 0 0 0 0
798 2 0 0 0 0 0 0 0 0
799 2 0 0 0 0 0 0 0 0
805 2 0 0 0 0 0 0 0 0
806 2 0 0 0 0 0 0 0 0
807 4 0 0 0 0 0 0 0 0
811 2 2 2 0 0 0 0 0 0
812 2 0 0 0 0 0 0 0 0
815 2 0 0 2 0 0 0 0 0
816 2 0 0 2 2 2 0 0 0
817 2 0 0 0 0 0 0 0 0
819 2 0 0 0 0 0 0 0 0
820 2 0 0 0 0 0 0 0 0
821 2 0 0 0 0 0 0 0 0
825 2 0 0 0 0 0 0 0 0
826 2 0 0 0 0 0 0 0 0
827 2 0 0 0 0 0 0 0 0
828 2 0 0 0 0 0 0 0 0
829 2 0 0 0 0 0 0 0 0
830 2 1 1 0 0 0 0 0 0
837 1 0 0 0 0 0 0 0 0
838 1 0 0 0 0 0 0 0 0
840 1 0 0 0 0 0 0 0 0
841 1 0 0 0 0 0 0 0 0
843 1 0 0 1 0 0 0 0 0
844 1 0 0 1 0 0 0 0 0
845 1 0 0 0 0 0 0 0 0
847 1 0 0 0 0 0 0 0 0
848 1 0 0 0 0 0 0 0 0
849 1 0 0 0 0 0 0 0 0
853 1 0 0 0 0 0 0 0 0
854 1 0 0 0 0 0 0 0 0
855 1 0 0 0 0 0 0 0 0
856 1 0 0 0 0 0 0 0 0
857 1 1 1 0 0 0 0 0 0
858 1 0 0 0 0 0 0 0 0
899 2 1 1 0 0 0 0 0 0
900 2 0 0 2 0 0 0 0 0
901 2 0 0 2 1 1 0 0 0
902 2 0 0 0 0 0 0 0 0
903 2 0 0 0 0 0 0 0 0
905 2 0 0 0 0 0 0 0 0
906 2 0 0 0 0 0 0 0 0
907 2 1 1 0 0 0 0 0 0
908 2 0 0 0 0 0 0 0 0
909 2 0 0 0 0 0 0 0 0
910 2 0 0 0 0 0 0 0 0
911 2 0 0 0 0 0 0 0 0
912 2 0 0 2 0 0 0 0 0
916 2 0 0 0 0 0 0 0 0
917 2 0 0 0 0 0 0 0 0
918 2 0 0 0 0 0 0 0 0
924 2 0 0 0 0 0 0 0 0
925 2 0 0 0 0 0 0 0 0
926 4 0 0 0 0 0 0 0 0
930 2 1 1 0 0 0 0 0 0
931 2 0 0 0 0 0 0 0 0
934 2 0 0 2 0 0 0 0 0
935 2 0 0 2 1 1 0 0 0
936 2 0 0 0 0 0 0 0 0
938 2 0 0 0 0 0 0 0 0
939 2 0 0 0 0 0 0 0 0
940 2 0 0 0 0 0 0 0 0
944 2 0 0 0 0 0 0 0 0
945 2 0 0 0 0 0 0 0 0
946 2 0 0 0 0 0 0 0 0
947 2 0 0 0 0 0 0 0 0
948 2 0 0 0 0 0 0 0 0
949 2 1 1 0 0 0 0 0 0
1018 10 1 1 0 0 0 0 0 0
1019 10 0 0 10 0 0 0 0 0
1020 10 0 0 10 1 1 0 0 0
1021 10 0 0 0 0 0 0 0 0
1022 10 0 0 0 0 0 0 0 0
1024 10 0 0 0 0 0 0 0 0
1025 10 0 0 0 0 0 0 0 0
1026 10 2 1 0 0 0 0 0 0
1027 10 0 0 0 0 0 0 0 0
1028 10 0 0 0 0 0 0 0 0
1029 10 0 0 0 0 0 0 0 0
1030 10 0 0 0 0 0 0 0 0
1031 4 0 0 4 0 0 0 0 0
1035 4 0 0 0 0 0 0 0 0
1036 4 0 0 0 0 0 0 0 0
1037 4 0 0 0 0 0 0 0 0
1043 4 0 0 0 0 0 0 0 0
1044 4 0 0 0 0 0 0 0 0
1045 8 0 0 0 0 0 0 0 0
1049 4 2 1 0 0 0 0 0 0
1050 4 0 0 0 0 0 0 0 0
1053 4 0 0 4 0 0 0 0 0
1054 4 0 0 4 0 0 0 0 0
1055 4 0 0 0 0 0 0 0 0
1057 4 0 0 0 0 0 0 0 0
1058 4 0 0 0 0 0 0 0 0
1059 4 0 0 0 0 0 0 0 0
1063 4 0 0 0 0 0 0 0 0
1064 4 0 0 0 0 0 0 0 0
1065 4 0 0 0 0 0 0 0 0
1066 4 0 0 0 0 0 0 0 0
1067 4 0 0 0 0 0 0 0 0
1068 4 2 1 0 0 0 0 0 0
1075 1 0 0 0 0 0 0 0 0
1076 1 0 0 0 0 0 0 0 0
1078 1 0 0 0 0 0 0 0 0
1079 1 0 0 0 0 0 0 0 0
1081 1 0 0 1 0 0 0 0 0
1082 1 0 0 1 0 0 0 0 0
1083 1 0 0 0 0 0 0 0 0
1085 1 0 0 0 0 0 0 0 0
1086 1 0 0 0 0 0 0 0 0
1087 1 0 0 0 0 0 0 0 0
1091 1 0 0 0 0 0 0 0 0
1092 1 0 0 0 0 0 0 0 0
1093 1 0 0 0 0 0 0 0 0
1094 1 0 0 0 0 0 0 0 0
1095 1 1 1 0 0 0 0 0 0
1096 1 0 0 0 0 0 0 0 0
1137 23 1 1 0 0 0 0 0 0
1138 23 0 0 23 3 3 0 0 0
1139 23 0 0 23 3 3 0 0 0
1140 23 0 0 0 0 0 0 0 0
1141 23 0 0 0 0 0 0 0 0
1143 23 0 0 0 0 0 0 0 0
1144 23 0 0 0 0 0 0 0 0
1145 23 1 1 0 0 0 0 0 0
1146 23 0 0 0 0 0 0 0 0
1147 23 0 0 0 0 0 0 0 0
1148 23 0 0 0 0 0 0 0 0
1149 23 0 0 0 0 0 0 0 0
1150 10 0 0 10 0 0 0 0 0
1154 10 0 0 0 0 0 0 0 0
1155 10 0 0 0 0 0 0 0 0
1156 10 0 0 0 0 0 0 0 0
1162 10 0 0 0 0 0 0 0 0
1163 10 0 0 0 0 0 0 0 0
1164 20 0 0 0 0 0 0 0 0
1168 10 1 1 0 0 0 0 0 0
1169 10 0 0 0 0 0 0 0 0
1172 9 0 0 9 3 2 0 0 0
1173 9 0 0 9 1 1 0 0 0
1174 9 0 0 0 0 0 0 0 0
1176 9 0 0 0 0 0 0 0 0
1177 9 0 0 0 0 0 0 0 0
1178 9 0 0 0 0 0 0 0 0
1182 9 0 0 0 0 0 0 0 0
1183 9 0 0 0 0 0 0 0 0
1184 9 0 0 0 0 0 0 0 0
1185 9 0 0 0 0 0 0 0 0
1186 9 0 0 0 0 0 0 0 0
1187 9 1 1 0 0 0 0 0 0
1194 1 0 0 0 0 0 0 0 0
1195 1 0 0 0 0 0 0 0 0
1197 1 0 0 0 0 0 0 0 0
1198 1 0 0 0 0 0 0 0 0
1200 1 0 0 1 0 0 0 0 0
1201 1 0 0 1 0 0 0 0 0
1202 1 0 0 0 0 0 0 0 0
1204 1 0 0 0 0 0 0 0 0
1205 1 0 0 0 0 0 0 0 0
1206 1 0 0 0 0 0 0 0 0
1210 1 0 0 0 0 0 0 0 0
1211 1 0 0 0 0 0 0 0 0
1212 1 0 0 0 0 0 0 0 0
1213 1 0 0 0 0 0 0 0 0
1214 1 0 0 0 0 0 0 0 0
1215 1 0 0 0 0 0 0 0 0
1228 1 1 1 0 0 0 0 0 0
1229 1 0 0 0 0 0 0 0 0
1230 1 0 0 0 0 0 0 0 0
1231 1 0 0 0 0 0 0 0 0
1244 1 0 0 1 0 0 0 0 0
1245 1 0 0 0 0 0 0 0 0
1246 1 0 0 0 0 0 0 0 0
1247 1 0 0 0 0 0 0 0 0
1256 39 1 1 0 0 0 0 0 0
1257 39 0 0 39 2 2 0 0 0
1258 39 0 0 39 1 1 0 0 0
1259 39 0 0 0 0 0 0 0 0
1260 39 0 0 0 0 0 0 0 0
1262 39 0 0 0 0 0 0 0 0
1263 39 0 0 0 0 0 0 0 0
1264 39 1 1 0 0 0 0 0 0
1265 39 0 0 0 0 0 0 0 0
1266 39 0 0 0 0 0 0 0 0
1267 39 0 0 0 0 0 0 0 0
1268 39 0 0 0 0 0 0 0 0
1269 28 0 0 28 0 0 0 0 0
1273 28 0 0 0 0 0 0 0 0
1274 28 0 0 0 0 0 0 0 0
1275 28 0 0 0 0 0 0 0 0
1281 28 0 0 0 0 0 0 0 0
1282 28 0 0 0 0 0 0 0 0
1283 56 0 0 0 0 0 0 0 0
1287 28 1 1 0 0 0 0 0 0
1288 28 0 0 0 0 0 0 0 0
1291 28 0 0 28 2 1 0 0 0
1292 28 0 0 28 1 1 0 0 0
1293 28 0 0 0 0 0 0 0 0
1295 28 0 0 0 0 0 0 0 0
1296 28 0 0 0 0 0 0 0 0
1297 28 0 0 0 0 0 0 0 0
1301 28 0 0 0 0 0 0 0 0
1302 28 0 0 0 0 0 0 0 0
1303 28 0 0 0 0 0 0 0 0
1304 28 0 0 0 0 0 0 0 0
1305 28 0 0 0 0 0 0 0 0
1306 28 1 1 0 0 0 0 0 0
1375 13 1 1 0 0 0 0 0 0
1376 13 0 0 13 3 3 0 0 0
1377 13 0 0 13 1 1 0 0 0
1378 13 0 0 0 0 0 0 0 0
1379 13 0 0 0 0 0 0 0 0
1381 13 0 0 0 0 0 0 0 0
1382 13 0 0 0 0 0 0 0 0
1383 13 1 1 0 0 0 0 0 0
1384 13 0 0 0 0 0 0 0 0
1385 13 0 0 0 0 0 0 0 0
1386 13 0 0 0 0 0 0 0 0
1387 13 0 0 0 0 0 0 0 0
1388 9 0 0 9 0 0 0 0 0
1392 9 0 0 0 0 0 0 0 0
1393 9 0 0 0 0 0 0 0 0
1394 9 0 0 0 0 0 0 0 0
1400 9 0 0 0 0 0 0 0 0
1401 9 0 0 0 0 0 0 0 0
1402 18 0 0 0 0 0 0 0 0
1406 9 1 1 0 0 0 0 0 0
1407 9 0 0 0 0 0 0 0 0
1410 9 0 0 9 1 1 0 0 0
1411 9 0 0 9 1 1 0 0 0
1412 9 0 0 0 0 0 0 0 0
1414 9 0 0 0 0 0 0 0 0
1415 9 0 0 0 0 0 0 0 0
1416 9 0 0 0 0 0 0 0 0
1420 9 0 0 0 0 0 0 0 0
1421 9 0 0 0 0 0 0 0 0
1422 9 0 0 0 0 0 0 0 0
1423 9 0 0 0 0 0 0 0 0
1424 9 0 0 0 0 0 0 0 0
1425 9 1 1 0 0 0 0 0 0
1432 1 0 0 0 0 0 0 0 0
1433 1 0 0 0 0 0 0 0 0
1435 1 0 0 0 0 0 0 0 0
1436 1 0 0 0 0 0 0 0 0
1438 1 0 0 1 0 0 0 0 0
1439 1 0 0 1 0 0 0 0 0
1440 1 0 0 0 0 0 0 0 0
1442 1 0 0 0 0 0 0 0 0
1443 1 0 0 0 0 0 0 0 0
1444 1 0 0 0 0 0 0 0 0
1448 1 0 0 0 0 0 0 0 0
1449 1 0 0 0 0 0 0 0 0
1450 1 0 0 0 0 0 0 0 0
1451 1 0 0 0 0 0 0 0 0
1452 1 0 0 0 0 0 0 0 0
1453 1 0 0 0 0 0 0 0 0
1466 1 1 1 0 0 0 0 0 0
1467 1 0 0 0 0 0 0 0 0
1468 1 0 0 0 0 0 0 0 0
1469 1 0 0 0 0 0 0 0 0
1476 1 0 0 0 0 0 0 0 0
1477 1 0 0 0 0 0 0 0 0
1478 1 0 0 0 0 0 0 0 0
1494 28 1 1 0 0 0 0 0 0
1495 28 0 0 28 3 3 0 0 0
1496 28 0 0 28 4 4 0 0 0
1497 28 0 0 0 0 0 0 0 0
1498 28 0 0 0 0 0 0 0 0
1500 28 0 0 0 0 0 0 0 0
1501 28 0 0 0 0 0 0 0 0
1502 28 1 1 0 0 0 0 0 0
1503 28 0 0 0 0 0 0 0 0
1504 28 0 0 0 0 0 0 0 0
1505 28 0 0 0 0 0 0 0 0
1506 28 0 0 0 0 0 0 0 0
1507 11 0 0 11 0 0 0 0 0
1511 11 0 0 0 0 0 0 0 0
1512 11 0 0 0 0 0 0 0 0
1513 11 0 0 0 0 0 0 0 0
1519 11 0 0 0 0 0 0 0 0
1520 11 0 0 0 0 0 0 0 0
1521 22 0 0 0 0 0 0 0 0
1525 12 1 1 0 0 0 0 0 0
1526 12 0 0 0 0 0 0 0 0
1529 12 0 0 12 3 3 0 0 0
1530 12 0 0 12 4 4 0 0 0
1531 12 0 0 0 0 0 0 0 0
1533 12 0 0 0 0 0 0 0 0
1534 12 0 0 0 0 0 0 0 0
1535 12 0 0 0 0 0 0 0 0
1539 12 0 0 0 0 0 0 0 0
1540 12 0 0 0 0 0 0 0 0
1541 12 0 0 0 0 0 0 0 0
1542 12 0 0 0 0 0 0 0 0
1543 12 0 0 0 0 0 0 0 0
1544 12 1 1 0 0 0 0 0 0
1551 2 0 0 0 0 0 0 0 0
1552 2 0 0 0 0 0 0 0 0
1554 2 0 0 0 0 0 0 0 0
1555 2 0 0 0 0 0 0 0 0
1557 2 0 0 2 0 0 0 0 0
1558 2 0 0 2 0 0 0 0 0
1559 2 0 0 0 0 0 0 0 0
1561 2 0 0 0 0 0 0 0 0
1562 2 0 0 0 0 0 0 0 0
1563 2 0 0 0 0 0 0 0 0
1567 2 0 0 0 0 0 0 0 0
1568 2 0 0 0 0 0 0 0 0
1569 2 0 0 0 0 0 0 0 0
1570 2 0 0 0 0 0 0 0 0
1571 2 1 1 0 0 0 0 0 0
1572 2 0 0 0 0 0 0 0 0
1579 1 0 0 0 0 0 0 0 0
1580 1 0 0 0 0 0 0 0 0
1581 1 0 0 0 0 0 0 0 0
1613 20 1 1 0 0 0 0 0 0
1614 20 0 0 20 2 1 0 0 0
1615 20 0 0 20 5 5 0 0 0
1616 20 0 0 0 0 0 0 0 0
1617 20 0 0 0 0 0 0 0 0
1619 20 0 0 0 0 0 0 0 0
1620 20 0 0 0 0 0 0 0 0
1621 20 1 1 0 0 0 0 0 0
1622 20 0 0 0 0 0 0 0 0
1623 20 0 0 0 0 0 0 0 0
1624 20 0 0 0 0 0 0 0 0
1625 20 0 0 0 0 0 0 0 0
1626 4 0 0 4 0 0 0 0 0
1630 4 0 0 0 0 0 0 0 0
1631 4 0 0 0 0 0 0 0 0
1632 4 0 0 0 0 0 0 0 0
1638 4 0 0 0 0 0 0 0 0
1639 4 0 0 0 0 0 0 0 0
1640 8 0 0 0 0 0 0 0 0
1644 4 1 1 0 0 0 0 0 0
1645 4 0 0 0 0 0 0 0 0
1648 4 0 0 4 1 1 0 0 0
1649 4 0 0 4 0 0 0 0 0
1650 4 0 0 0 0 0 0 0 0
1652 4 0 0 0 0 0 0 0 0
1653 4 0 0 0 0 0 0 0 0
1654 4 0 0 0 0 0 0 0 0
1658 4 0 0 0 0 0 0 0 0
1659 4 0 0 0 0 0 0 0 0
1660 4 0 0 0 0 0 0 0 0
1661 4 0 0 0 0 0 0 0 0
1662 4 0 0 0 0 0 0 0 0
1663 4 1 1 0 0 0 0 0 0
1732 31 2 2 0 0 0 0 0 0
1733 31 0 0 31 2 2 0 0 0
1734 31 0 0 31 1 1 0 0 0
1735 31 0 0 0 0 0 0 0 0
1736 31 0 0 0 0 0 0 0 0
1738 31 0 0 0 0 0 0 0 0
1739 31 0 0 0 0 0 0 0 0
1740 31 3 2 0 0 0 0 0 0
1741 31 0 0 0 0 0 0 0 0
1742 31 0 0 0 0 0 0 0 0
1743 31 0 0 0 0 0 0 0 0
1744 31 0 0 0 0 0 0 0 0
1745 14 0 0 14 0 0 0 0 0
1749 14 0 0 0 0 0 0 0 0
1750 14 0 0 0 0 0 0 0 0
1751 14 0 0 0 0 0 0 0 0
1757 14 0 0 0 0 0 0 0 0
1758 14 0 0 0 0 0 0 0 0
1759 28 0 0 0 0 0 0 0 0
1763 15 2 2 0 0 0 0 0 0
1764 15 0 0 0 0 0 0 0 0
1767 15 0 0 15 2 2 0 0 0
1768 15 0 0 15 2 2 0 0 0
1769 15 0 0 0 0 0 0 0 0
1771 15 0 0 0 0 0 0 0 0
1772 15 0 0 0 0 0 0 0 0
1773 15 0 0 0 0 0 0 0 0
1777 15 0 0 0 0 0 0 0 0
1778 15 0 0 0 0 0 0 0 0
1779 15 0 0 0 0 0 0 0 0
1780 15 0 0 0 0 0 0 0 0
1781 15 0 0 0 0 0 0 0 0
1782 15 1 1 0 0 0 0 0 0
1789 1 0 0 0 0 0 0 0 0
1790 1 0 0 0 0 0 0 0 0
1792 1 0 0 0 0 0 0 0 0
1793 1 0 0 0 0 0 0 0 0
1795 1 0 0 1 0 0 0 0 0
1796 1 0 0 1 0 0 0 0 0
1797 1 0 0 0 0 0 0 0 0
1799 1 0 0 0 0 0 0 0 0
1800 1 0 0 0 0 0 0 0 0
1801 1 0 0 0 0 0 0 0 0
1805 1 0 0 0 0 0 0 0 0
1806 1 0 0 0 0 0 0 0 0
1807 1 0 0 0 0 0 0 0 0
1808 1 0 0 0 0 0 0 0 0
1809 1 1 1 0 0 0 0 0 0
1810 1 0 0 0 0 0 0 0 0
1817 1 0 0 0 0 0 0 0 0
1818 1 0 0 0 0 0 0 0 0
1819 1 0 0 0 0 0 0 0 0
1851 26 3 2 0 0 0 0 0 0
1852 26 0 0 26 4 4 0 0 0
1853 26 0 0 26 4 2 0 0 0
1854 26 0 0 0 0 0 0 0 0
1855 26 0 0 0 0 0 0 0 0
1857 26 0 0 0 0 0 0 0 0
1858 26 0 0 0 0 0 0 0 0
1859 26 3 2 0 0 0 0 0 0
1860 26 0 0 0 0 0 0 0 0
1861 26 0 0 0 0 0 0 0 0
1862 26 0 0 0 0 0 0 0 0
1863 26 0 0 0 0 0 0 0 0
1864 14 0 0 14 0 0 0 0 0
1868 14 0 0 0 0 0 0 0 0
1869 14 0 0 0 0 0 0 0 0
1870 14 0 0 0 0 0 0 0 0
1876 14 0 0 0 0 0 0 0 0
1877 14 0 0 0 0 0 0 0 0
1878 28 0 0 0 0 0 0 0 0
1882 14 3 2 0 0 0 0 0 0
1883 14 0 0 0 0 0 0 0 0
1886 15 0 0 15 4 2 0 0 0
1887 15 0 0 15 2 2 0 0 0
1888 15 0 0 0 0 0 0 0 0
1890 15 0 0 0 0 0 0 0 0
1891 15 0 0 0 0 0 0 0 0
1892 15 0 0 0 0 0 0 0 0
1896 15 0 0 0 0 0 0 0 0
1897 15 0 0 0 0 0 0 0 0
1898 15 0 0 0 0 0 0 0 0
1899 15 0 0 0 0 0 0 0 0
1900 15 0 0 0 0 0 0 0 0
1901 15 3 2 0 0 0 0 0 0
1908 1 0 0 0 0 0 0 0 0
1909 1 0 0 0 0 0 0 0 0
1911 1 0 0 0 0 0 0 0 0
1912 1 0 0 0 0 0 0 0 0
1942 1 1 1 0 0 0 0 0 0
1943 1 0 0 0 0 0 0 0 0
1944 1 0 0 0 0 0 0 0 0
1945 1 0 0 0 0 0 0 0 0
1952 1 0 0 0 0 0 0 0 0
1953 1 0 0 0 0 0 0 0 0
1954 1 0 0 0 0 0 0 0 0
1970 47 4 3 0 0 0 0 0 0
1971 47 0 0 47 5 3 0 0 0
1972 47 0 0 47 4 2 0 0 0
1973 47 0 0 0 0 0 0 0 0
1974 47 0 0 0 0 0 0 0 0
1976 47 0 0 0 0 0 0 0 0
1977 47 0 0 0 0 0 0 0 0
1978 47 3 3 0 0 0 0 0 0
1979 47 0 0 0 0 0 0 0 0
1980 47 0 0 0 0 0 0 0 0
1981 47 0 0 0 0 0 0 0 0
1982 47 0 0 0 0 0 0 0 0
1984 32 0 0 32 0 0 0 0 0
1988 32 0 0 0 0 0 0 0 0
1989 32 0 0 0 0 0 0 0 0
1990 32 0 0 0 0 0 0 0 0
1996 32 0 0 0 0 0 0 0 0
1997 32 0 0 0 0 0 0 0 0
1999 64 0 0 0 0 0 0 0 0
2003 32 1 1 0 0 0 0 0 0
2004 32 0 0 0 0 0 0 0 0
2007 32 0 0 32 3 2 0 0 0
2008 32 0 0 32 2 1 0 0 0
2009 32 0 0 0 0 0 0 0 0
2011 32 0 0 0 0 0 0 0 0
2012 32 0 0 0 0 0 0 0 0
2013 32 0 0 0 0 0 0 0 0
2017 32 0 0 0 0 0 0 0 0
2018 32 0 0 0 0 0 0 0 0
2019 32 0 0 0 0 0 0 0 0
2020 32 0 0 0 0 0 0 0 0
2021 32 0 0 0 0 0 0 0 0
2022 32 1 1 0 0 0 0 0 0
2086 1 0 0 0 0 0 0 0 0
2087 1 0 0 0 0 0 0 0 0
2088 1 0 0 0 0 0 0 0 0
2089 2 0 0 0 0 0 0 0 0
2093 687 0 0 0 0 0 0 0 0
2095 806 1 1 0 0 0 0 0 0
2096 806 0 0 0 0 0 0 0 0
2097 806 0 0 0 0 0 0 0 0
2098 806 0 0 0 0 0 0 0 0
2099 230 0 0 0 0 0 0 0 0
2104 2299 1 1 0 0 0 0 0 0
2110 2299 0 0 2299 0 0 0 0 0
2111 2299 0 0 2299 0 0 0 0 0
2119 2299 0 0 0 0 0 0 0 0
2120 2299 0 0 2299 0 0 0 0 0
fn=strncmp
98 1 1 1 0 0 0 0 0 0
125 1 0 0 0 0 0 0 0 0
126 1 0 0 0 0 0 0 0 0
127 1 0 0 0 0 0 0 0 0
128 1 0 0 0 0 0 0 0 0
129 1 0 0 0 0 0 0 0 0
131 1 0 0 0 0 0 0 0 0
132 1 0 0 0 0 0 0 0 0
134 1 0 0 0 0 0 0 0 0
135 1 0 0 0 0 0 0 0 0
156 1 0 0 0 0 0 0 0 0
157 1 0 0 0 0 0 0 0 0
158 1 0 0 0 0 0 0 0 0
159 1 0 0 0 0 0 0 0 0
201 1 1 1 0 0 0 0 0 0
202 1 0 0 0 0 0 0 0 0
203 1 0 0 0 0 0 0 0 0
204 1 0 0 0 0 0 0 0 0
205 1 0 0 0 0 0 0 0 0
206 1 0 0 0 0 0 0 0 0
207 1 0 0 0 0 0 0 0 0
208 1 0 0 0 0 0 0 0 0
209 1 0 0 0 0 0 0 0 0
210 1 0 0 0 0 0 0 0 0
211 1 0 0 0 0 0 0 0 0
212 1 0 0 0 0 0 0 0 0
214 1 0 0 0 0 0 0 0 0
215 1 0 0 0 0 0 0 0 0
216 1 0 0 0 0 0 0 0 0
217 1 0 0 1 1 1 0 0 0
218 1 0 0 0 0 0 0 0 0
219 1 0 0 0 0 0 0 0 0
1613 1 1 1 0 0 0 0 0 0
1614 1 0 0 1 1 1 0 0 0
1615 1 0 0 1 0 0 0 0 0
1616 1 0 0 0 0 0 0 0 0
1617 1 0 0 0 0 0 0 0 0
1619 1 0 0 0 0 0 0 0 0
1620 1 0 0 0 0 0 0 0 0
1621 1 0 0 0 0 0 0 0 0
1622 1 0 0 0 0 0 0 0 0
1623 1 0 0 0 0 0 0 0 0
1624 1 0 0 0 0 0 0 0 0
1625 1 0 0 0 0 0 0 0 0
2095 1 1 1 0 0 0 0 0 0
2096 1 0 0 0 0 0 0 0 0
2097 1 0 0 0 0 0 0 0 0
2098 1 0 0 0 0 0 0 0 0
2099 2 0 0 0 0 0 0 0 0
2104 1 0 0 0 0 0 0 0 0
2107 1 0 0 0 0 0 0 0 0
2108 1 0 0 0 0 0 0 0 0
2110 1 0 0 1 0 0 0 0 0
2111 1 1 1 1 0 0 0 0 0
2119 1 0 0 0 0 0 0 0 0
2120 1 0 0 1 0 0 0 0 0
fl=./string/../sysdeps/x86_64/multiarch/../multiarch/strlen-sse2.S
fn=strlen
57 30 1 1 0 0 0 0 0 0
101 30 0 0 0 0 0 0 0 0
102 30 0 0 0 0 0 0 0 0
103 30 0 0 0 0 0 0 0 0
104 30 0 0 0 0 0 0 0 0
105 30 0 0 0 0 0 0 0 0
106 30 0 0 0 0 0 0 0 0
107 30 1 1 0 0 0 0 0 0
109 30 0 0 0 0 0 0 0 0
111 30 0 0 0 0 0 0 0 0
142 29 0 0 29 1 1 0 0 0
143 29 0 0 0 0 0 0 0 0
144 29 0 0 0 0 0 0 0 0
145 29 0 0 0 0 0 0 0 0
146 29 0 0 0 0 0 0 0 0
147 15 0 0 0 0 0 0 0 0
149 15 0 0 15 0 0 0 0 0
153 14 0 0 0 0 0 0 0 0
154 14 0 0 14 0 0 0 0 0
155 14 0 0 14 0 0 0 0 0
156 14 0 0 14 3 3 0 0 0
157 14 0 0 0 0 0 0 0 0
158 14 0 0 0 0 0 0 0 0
159 14 0 0 0 0 0 0 0 0
160 14 1 1 0 0 0 0 0 0
161 14 0 0 0 0 0 0 0 0
162 14 0 0 0 0 0 0 0 0
163 14 0 0 0 0 0 0 0 0
164 14 0 0 0 0 0 0 0 0
169 112 0 0 14 0 0 0 0 0
173 1 0 0 0 0 0 0 0 0
174 14 1 1 4 0 0 0 0 0
175 6 0 0 0 0 0 0 0 0
190 1 1 1 0 0 0 0 0 0
191 1 0 0 0 0 0 0 0 0
192 2 0 0 0 0 0 0 0 0
243 1 0 0 1 0 0 0 0 0
244 1 0 0 1 0 0 0 0 0
245 1 0 0 1 0 0 0 0 0
246 1 0 0 1 0 0 0 0 0
247 1 0 0 0 0 0 0 0 0
248 1 0 0 0 0 0 0 0 0
249 1 0 0 0 0 0 0 0 0
250 1 0 0 0 0 0 0 0 0
266 1 1 1 0 0 0 0 0 0
268 1 0 0 0 0 0 0 0 0
269 14 1 1 4 0 0 0 0 0
271 1 0 0 0 0 0 0 0 0
272 1 0 0 0 0 0 0 0 0
273 1 0 0 0 0 0 0 0 0
275 1 0 0 1 0 0 0 0 0
fl=./string/../sysdeps/x86_64/multiarch/ifunc-avx2.h
fn=memrchr
38 3 0 0 2 0 0 0 0 0
40 4 1 1 0 0 0 0 0 0
41 2 0 0 1 0 0 0 0 0
42 3 0 0 1 0 0 0 0 0
46 4 0 0 0 0 0 0 0 0
49 3 0 0 0 0 0 0 0 0
52 5 0 0 1 0 0 0 0 0
fn=rindex
38 3 1 1 2 0 0 0 0 0
40 4 0 0 0 0 0 0 0 0
41 2 0 0 1 0 0 0 0 0
42 3 0 0 1 0 0 0 0 0
46 4 0 0 0 0 0 0 0 0
49 3 1 1 0 0 0 0 0 0
52 5 0 0 1 0 0 0 0 0
fn=strchrnul
38 3 0 0 2 0 0 0 0 0
40 4 0 0 0 0 0 0 0 0
41 2 0 0 1 0 0 0 0 0
42 3 0 0 1 0 0 0 0 0
46 4 1 1 0 0 0 0 0 0
49 3 0 0 0 0 0 0 0 0
52 5 0 0 1 0 0 0 0 0
fn=strlen
38 9 0 0 6 4 4 0 0 0
40 12 0 0 0 0 0 0 0 0
41 6 0 0 3 2 2 0 0 0
42 9 0 0 3 1 1 0 0 0
46 12 2 2 0 0 0 0 0 0
49 9 0 0 0 0 0 0 0 0
52 15 0 0 3 0 0 0 0 0
fn=strnlen
38 6 0 0 4 1 0 0 0 0
40 8 0 0 0 0 0 0 0 0
41 4 0 0 2 1 0 0 0 0
42 6 0 0 2 0 0 0 0 0
46 8 1 1 0 0 0 0 0 0
49 6 0 0 0 0 0 0 0 0
52 10 0 0 2 0 0 0 0 0
fl=./string/../sysdeps/x86_64/multiarch/ifunc-evex.h
fn=memchr
37 3 0 0 2 0 0 0 0 0
38 4 0 0 0 0 0 0 0 0
39 3 1 1 1 0 0 0 0 0
43 2 0 0 0 0 0 0 0 0
51 3 0 0 0 0 0 0 0 0
54 4 0 0 0 0 0 0 0 0
fl=./string/../sysdeps/x86_64/multiarch/ifunc-memcmp.h
fn=bcmp
34 21 0 0 6 0 0 0 0 0
35 6 1 1 3 0 0 0 0 0
37 9 0 0 3 0 0 0 0 0
41 6 0 0 0 0 0 0 0 0
44 9 0 0 0 0 0 0 0 0
47 15 0 0 0 0 0 0 0 0
fl=./string/../sysdeps/x86_64/multiarch/ifunc-memmove.h
fn=memcpy@@GLIBC_2.14
56 6 0 0 4 0 0 0 0 0
57 4 0 0 0 0 0 0 0 0
60 6 0 0 2 0 0 0 0 0
61 4 0 0 0 0 0 0 0 0
74 4 1 1 0 0 0 0 0 0
77 4 1 1 0 0 0 0 0 0
85 4 0 0 0 0 0 0 0 0
93 4 0 0 0 0 0 0 0 0
96 10 1 1 2 0 0 0 0 0
fn=memmove
56 6 0 0 4 0 0 0 0 0
57 4 0 0 0 0 0 0 0 0
60 6 0 0 2 0 0 0 0 0
61 4 0 0 0 0 0 0 0 0
74 4 1 1 0 0 0 0 0 0
77 4 1 1 0 0 0 0 0 0
85 4 0 0 0 0 0 0 0 0
93 4 0 0 0 0 0 0 0 0
96 10 1 1 2 0 0 0 0 0
fn=mempcpy
56 3 0 0 2 0 0 0 0 0
57 2 0 0 0 0 0 0 0 0
60 3 0 0 1 0 0 0 0 0
61 2 1 1 0 0 0 0 0 0
74 2 0 0 0 0 0 0 0 0
77 2 1 1 0 0 0 0 0 0
85 2 0 0 0 0 0 0 0 0
93 2 0 0 0 0 0 0 0 0
96 5 1 1 1 0 0 0 0 0
fl=./string/../sysdeps/x86_64/multiarch/ifunc-memset.h
fn=memset
52 3 0 0 0 0 0 0 0 0
53 6 1 1 0 0 0 0 0 0
61 15 0 0 6 0 0 0 0 0
64 9 1 1 3 0 0 0 0 0
65 6 1 1 0 0 0 0 0 0
80 6 0 0 0 0 0 0 0 0
84 12 0 0 0 0 0 0 0 0
92 6 0 0 0 0 0 0 0 0
100 6 2 2 0 0 0 0 0 0
fl=./string/../sysdeps/x86_64/multiarch/ifunc-sse4_2.h
fn=strcspn
36 5 1 1 2 0 0 0 0 0
fn=strpbrk
36 5 0 0 2 0 0 0 0 0
fn=strspn
36 5 1 1 2 0 0 0 0 0
fl=./string/../sysdeps/x86_64/multiarch/ifunc-strcasecmp.h
fn=strcasecmp
36 1 0 0 1 0 0 0 0 0
37 4 0 0 1 0 0 0 0 0
38 3 1 1 1 0 0 0 0 0
42 4 1 1 1 0 0 0 0 0
45 3 0 0 1 0 0 0 0 0
48 4 0 0 0 0 0 0 0 0
fn=strcasecmp_l
36 1 0 0 1 0 0 0 0 0
37 4 0 0 1 0 0 0 0 0
38 3 1 1 1 0 0 0 0 0
42 4 0 0 1 0 0 0 0 0
45 3 0 0 1 0 0 0 0 0
48 4 1 1 0 0 0 0 0 0
fn=strncasecmp
36 1 0 0 1 0 0 0 0 0
37 4 0 0 1 0 0 0 0 0
38 3 1 1 1 0 0 0 0 0
42 4 0 0 1 0 0 0 0 0
45 3 0 0 1 0 0 0 0 0
48 4 0 0 0 0 0 0 0 0
fn=strncasecmp_l
36 1 0 0 1 0 0 0 0 0
37 4 0 0 1 0 0 0 0 0
38 3 1 1 1 0 0 0 0 0
42 4 1 1 1 0 0 0 0 0
45 3 0 0 1 0 0 0 0 0
48 4 0 0 0 0 0 0 0 0
fl=./string/../sysdeps/x86_64/multiarch/ifunc-strcpy.h
fn=stpcpy
38 4 0 0 2 0 0 0 0 0
39 3 0 0 1 0 0 0 0 0
43 4 0 0 0 0 0 0 0 0
46 3 1 1 0 0 0 0 0 0
49 3 0 0 0 0 0 0 0 0
fn=strcat
38 4 0 0 2 0 0 0 0 0
39 3 0 0 1 0 0 0 0 0
43 4 0 0 0 0 0 0 0 0
46 3 1 1 0 0 0 0 0 0
49 3 0 0 0 0 0 0 0 0
fn=strcpy
38 4 1 1 2 0 0 0 0 0
39 3 0 0 1 0 0 0 0 0
43 4 0 0 0 0 0 0 0 0
46 3 0 0 0 0 0 0 0 0
49 3 0 0 0 0 0 0 0 0
fl=./string/../sysdeps/x86_64/multiarch/ifunc-strncpy.h
fn=stpncpy
35 5 0 0 2 0 0 0 0 0
36 3 0 0 1 0 0 0 0 0
40 4 0 0 0 0 0 0 0 0
43 3 0 0 0 0 0 0 0 0
46 5 1 1 1 0 0 0 0 0
fn=strncpy
35 5 0 0 2 0 0 0 0 0
36 3 0 0 1 0 0 0 0 0
40 4 0 0 0 0 0 0 0 0
43 3 0 0 0 0 0 0 0 0
46 5 1 1 1 0 0 0 0 0
fl=./string/../sysdeps/x86_64/multiarch/memchr.c
fn=memchr
29 2 1 1 1 0 0 0 0 0
fl=./string/../sysdeps/x86_64/multiarch/memcmp-avx2-movbe.S
fn=__memcmp_avx2_movbe
73 51 2 2 0 0 0 0 0 0
80 51 0 0 0 0 0 0 0 0
81 51 0 0 0 0 0 0 0 0
84 1 0 0 1 0 0 0 0 0
85 1 0 0 1 0 0 0 0 0
86 1 0 0 0 0 0 0 0 0
90 1 0 0 0 0 0 0 0 0
91 1 1 1 0 0 0 0 0 0
93 1 0 0 0 0 0 0 0 0
94 1 0 0 0 0 0 0 0 0
97 1 0 0 1 0 0 0 0 0
98 1 0 0 1 0 0 0 0 0
99 1 0 0 0 0 0 0 0 0
102 1 0 0 0 0 0 0 0 0
103 1 0 0 0 0 0 0 0 0
106 1 0 0 0 0 0 0 0 0
107 1 0 0 0 0 0 0 0 0
110 1 0 0 1 0 0 0 0 0
111 1 0 0 1 0 0 0 0 0
112 1 0 0 0 0 0 0 0 0
113 1 0 0 0 0 0 0 0 0
114 1 1 1 0 0 0 0 0 0
115 1 0 0 1 0 0 0 0 0
116 1 0 0 1 0 0 0 0 0
117 1 0 0 0 0 0 0 0 0
118 1 0 0 0 0 0 0 0 0
119 1 0 0 0 0 0 0 0 0
122 1 0 0 0 0 0 0 0 0
123 1 0 0 0 0 0 0 0 0
129 1 0 0 1 0 0 0 0 0
130 1 0 0 1 0 0 0 0 0
131 1 0 0 0 0 0 0 0 0
132 1 0 0 0 0 0 0 0 0
136 1 1 1 1 0 0 0 0 0
137 1 0 0 1 0 0 0 0 0
139 1 0 0 1 0 0 0 0 0
140 1 0 0 1 0 0 0 0 0
141 1 0 0 1 0 0 0 0 0
142 1 0 0 1 0 0 0 0 0
145 1 0 0 0 0 0 0 0 0
146 1 0 0 0 0 0 0 0 0
147 1 0 0 0 0 0 0 0 0
148 1 0 0 0 0 0 0 0 0
149 1 0 0 0 0 0 0 0 0
150 1 0 0 0 0 0 0 0 0
152 2 0 0 1 0 0 0 0 0
156 39 1 1 0 0 0 0 0 0
166 39 0 0 39 0 0 0 0 0
167 39 0 0 39 0 0 0 0 0
168 39 0 0 0 0 0 0 0 0
171 78 0 0 39 0 0 0 0 0
401 50 2 2 0 0 0 0 0 0
402 50 0 0 0 0 0 0 0 0
407 50 0 0 0 0 0 0 0 0
408 50 0 0 0 0 0 0 0 0
409 50 0 0 0 0 0 0 0 0
410 50 0 0 0 0 0 0 0 0
411 50 0 0 0 0 0 0 0 0
414 50 0 0 50 0 0 0 0 0
415 50 0 0 50 1 1 0 0 0
416 50 0 0 0 0 0 0 0 0
417 50 0 0 0 0 0 0 0 0
420 50 0 0 0 0 0 0 0 0
421 50 0 0 0 0 0 0 0 0
422 11 0 0 0 0 0 0 0 0
423 22 0 0 11 0 0 0 0 0
fl=./string/../sysdeps/x86_64/multiarch/memcmp.c
fn=bcmp
29 9 2 2 3 0 0 0 0 0
fl=./string/../sysdeps/x86_64/multiarch/memcpy.c
fn=memcpy@@GLIBC_2.14
29 2 1 1 0 0 0 0 0 0
fl=./string/../sysdeps/x86_64/multiarch/memmove-vec-unaligned-erms.S
fn=__memcpy_avx_unaligned_erms
255 2 1 1 0 0 0 0 0 0
256 2 0 0 0 0 0 0 0 0
262 5 0 0 0 0 0 0 0 0
263 5 0 0 0 0 0 0 0 0
305 5 0 0 0 0 0 0 0 0
306 5 0 0 0 0 0 0 0 0
308 5 0 0 0 0 0 0 0 0
309 5 0 0 0 0 0 0 0 0
311 5 0 0 0 0 0 0 0 0
315 5 0 0 0 0 0 0 0 0
316 2 0 0 0 0 0 0 0 0
317 2 0 0 0 0 0 0 0 0
318 2 0 0 2 0 0 0 0 0
319 2 0 0 0 0 0 0 0 0
320 2 0 0 2 0 0 0 0 0
321 2 0 0 0 0 0 2 0 0
323 2 0 0 0 0 0 2 0 0
325 2 0 0 2 0 0 0 0 0
331 3 1 1 3 0 0 0 0 0
332 3 0 0 3 0 0 0 0 0
333 3 0 0 0 0 0 3 0 0
334 3 0 0 0 0 0 3 0 0
335 3 0 0 3 0 0 0 0 0
fn=__mempcpy_avx_unaligned_erms
242 3 1 1 0 0 0 0 0 0
243 3 0 0 0 0 0 0 0 0
244 3 0 0 0 0 0 0 0 0
245 3 0 0 0 0 0 0 0 0
fn=memcpy
210 32 1 1 0 0 0 0 0 0
211 32 0 0 0 0 0 0 0 0
217 59 0 0 0 0 0 0 0 0
218 59 0 0 0 0 0 0 0 0
220 31 0 0 31 2 2 0 0 0
221 31 0 0 0 0 0 0 0 0
222 31 0 0 0 0 0 0 0 0
224 8 0 0 8 0 0 0 0 0
225 8 0 0 0 0 0 8 0 0
226 8 0 0 0 0 0 8 1 1
228 8 0 0 8 0 0 0 0 0
308 28 1 1 0 0 0 0 0 0
309 28 0 0 0 0 0 0 0 0
311 7 0 0 0 0 0 0 0 0
315 7 0 0 0 0 0 0 0 0
316 7 0 0 0 0 0 0 0 0
317 7 0 0 0 0 0 0 0 0
318 1 0 0 1 1 1 0 0 0
319 1 0 0 0 0 0 0 0 0
323 1 0 0 0 0 0 1 1 1
325 7 0 0 7 0 0 0 0 0
364 21 1 1 21 0 0 0 0 0
365 21 0 0 21 0 0 0 0 0
366 21 0 0 0 0 0 21 6 6
367 21 0 0 0 0 0 21 1 1
368 21 0 0 21 0 0 0 0 0
375 22 0 0 22 1 1 0 0 0
376 22 0 0 22 0 0 0 0 0
377 22 0 0 0 0 0 22 6 6
378 22 0 0 0 0 0 22 2 2
379 22 0 0 0 0 0 22 8 8
380 22 0 0 0 0 0 22 0 0
381 22 0 0 22 0 0 0 0 0
392 23 0 0 0 0 0 0 0 0
393 23 0 0 0 0 0 0 0 0
395 22 0 0 22 0 0 0 0 0
396 22 1 1 0 0 0 0 0 0
397 22 0 0 0 0 0 0 0 0
417 1 1 1 0 0 0 0 0 0
418 1 0 0 0 0 0 0 0 0
422 1 0 0 0 0 0 0 0 0
424 1 0 0 0 0 0 0 0 0
440 1 0 0 0 0 0 0 0 0
443 1 0 0 0 0 0 0 0 0
445 1 0 0 0 0 0 0 0 0
447 1 0 0 0 0 0 0 0 0
451 1 0 0 0 0 0 0 0 0
452 1 0 0 0 0 0 0 0 0
461 1 0 0 1 1 1 0 0 0
462 1 0 0 1 1 1 0 0 0
464 1 0 0 0 0 0 0 0 0
466 1 0 0 0 0 0 0 0 0
467 1 0 0 1 0 0 0 0 0
468 1 1 1 1 0 0 0 0 0
471 1 0 0 0 0 0 0 0 0
473 1 0 0 0 0 0 0 0 0
475 1 0 0 0 0 0 0 0 0
477 1 0 0 0 0 0 0 0 0
483 3 0 0 3 0 0 0 0 0
484 3 0 0 3 0 0 0 0 0
485 3 0 0 3 0 0 0 0 0
486 3 0 0 3 2 2 0 0 0
487 3 0 0 0 0 0 0 0 0
488 3 0 0 0 0 0 3 1 1
489 3 0 0 0 0 0 3 0 0
490 3 0 0 0 0 0 3 0 0
491 3 0 0 0 0 0 3 3 3
492 3 0 0 0 0 0 0 0 0
493 3 0 0 0 0 0 0 0 0
494 3 0 0 0 0 0 0 0 0
496 1 1 1 0 0 0 1 1 1
497 1 0 0 0 0 0 1 0 0
498 1 0 0 0 0 0 1 0 0
499 1 0 0 0 0 0 1 0 0
501 1 0 0 0 0 0 1 0 0
505 1 0 0 1 0 0 0 0 0
fn=mempcpy
197 27 0 0 0 0 0 0 0 0
198 27 0 0 0 0 0 0 0 0
199 27 0 0 0 0 0 0 0 0
200 27 0 0 0 0 0 0 0 0
fl=./string/../sysdeps/x86_64/multiarch/memmove.c
fn=memmove
29 2 1 1 0 0 0 0 0 0
fl=./string/../sysdeps/x86_64/multiarch/mempcpy.c
fn=mempcpy
33 1 1 1 0 0 0 0 0 0
fl=./string/../sysdeps/x86_64/multiarch/memrchr.c
fn=memrchr
29 1 1 1 0 0 0 0 0 0
fl=./string/../sysdeps/x86_64/multiarch/memset-vec-unaligned-erms.S
fn=__memset_avx2_unaligned_erms
198 2 1 1 0 0 0 0 0 0
199 4 0 0 0 0 0 0 0 0
204 2 0 0 0 0 0 0 0 0
205 2 0 0 0 0 0 0 0 0
206 2 0 0 0 0 0 0 0 0
207 2 0 0 0 0 0 0 0 0
208 2 0 0 0 0 0 0 0 0
229 2 1 1 2 1 1 0 0 0
230 2 0 0 0 0 0 0 0 0
236 2 0 0 0 0 0 2 2 2
237 2 0 0 0 0 0 2 2 2
249 2 0 0 0 0 0 0 0 0
252 2 0 0 0 0 0 0 0 0
253 2 0 0 0 0 0 0 0 0
265 2 0 0 0 0 0 2 0 0
266 2 0 0 0 0 0 2 2 2
279 2 0 0 0 0 0 0 0 0
280 2 0 0 0 0 0 0 0 0
282 2 0 0 0 0 0 0 0 0
285 2 0 0 0 0 0 0 0 0
288 2 0 0 0 0 0 0 0 0
291 2 1 1 0 0 0 2 0 0
292 2 0 0 0 0 0 2 2 2
293 2 0 0 0 0 0 2 0 0
294 2 0 0 0 0 0 2 2 2
295 2 0 0 0 0 0 0 0 0
296 2 0 0 0 0 0 0 0 0
297 4 0 0 0 0 0 0 0 0
300 2 0 0 0 0 0 2 0 0
301 2 0 0 0 0 0 2 2 2
302 2 0 0 0 0 0 2 0 0
303 2 0 0 0 0 0 2 1 1
306 4 0 0 2 0 0 0 0 0
fl=./string/../sysdeps/x86_64/multiarch/memset.c
fn=memset
29 6 1 1 3 0 0 0 0 0
fl=./string/../sysdeps/x86_64/multiarch/stpcpy.c
fn=stpcpy
33 2 1 1 1 0 0 0 0 0
fl=./string/../sysdeps/x86_64/multiarch/stpncpy.c
fn=stpncpy
31 1 1 1 0 0 0 0 0 0
fn=strcasecmp
31 1 0 0 0 0 0 0 0 0
fl=./string/../sysdeps/x86_64/multiarch/strcasecmp.c
fn=strcasecmp
31 2 0 0 1 0 0 0 0 0
fl=./string/../sysdeps/x86_64/multiarch/strcasecmp_l.c
fn=strcasecmp_l
31 3 1 1 1 0 0 0 0 0
fl=./string/../sysdeps/x86_64/multiarch/strcat.c
fn=strcat
29 2 1 1 1 0 0 0 0 0
fl=./string/../sysdeps/x86_64/multiarch/strchr.c
fn=index
42 2 0 0 2 0 0 0 0 0
43 4 0 0 0 0 0 0 0 0
44 3 1 1 1 0 0 0 0 0
48 4 0 0 0 0 0 0 0 0
51 3 0 0 0 0 0 0 0 0
54 3 0 0 0 0 0 0 0 0
65 2 1 1 1 0 0 0 0 0
fl=./string/../sysdeps/x86_64/multiarch/strchrnul.c
fn=strchrnul
31 1 1 1 0 0 0 0 0 0
fl=./string/../sysdeps/x86_64/multiarch/strcmp-avx2.S
fn=__strncmp_avx2
206 12 1 1 0 0 0 0 0 0
230 12 0 0 0 0 0 0 0 0
235 12 0 0 0 0 0 0 0 0
249 12 0 0 0 0 0 0 0 0
274 12 0 0 0 0 0 0 0 0
275 12 0 0 0 0 0 0 0 0
276 12 0 0 0 0 0 0 0 0
278 12 0 0 0 0 0 0 0 0
279 12 1 1 0 0 0 0 0 0
283 11 0 0 11 0 0 0 0 0
287 11 0 0 11 7 6 0 0 0
289 11 0 0 0 0 0 0 0 0
291 11 0 0 0 0 0 0 0 0
294 11 0 0 0 0 0 0 0 0
296 11 0 0 0 0 0 0 0 0
297 11 0 0 0 0 0 0 0 0
308 11 0 0 0 0 0 0 0 0
318 11 0 0 11 0 0 0 0 0
319 11 0 0 11 0 0 0 0 0
322 11 0 0 0 0 0 0 0 0
326 22 0 0 11 0 0 0 0 0
331 11 0 0 0 0 0 0 0 0
332 11 0 0 0 0 0 0 0 0
333 11 0 0 0 0 0 0 0 0
957 1 1 1 0 0 0 0 0 0
958 1 0 0 0 0 0 0 0 0
959 1 0 0 0 0 0 0 0 0
960 1 0 0 0 0 0 0 0 0
962 1 0 0 0 0 0 0 0 0
965 1 0 0 0 0 0 0 0 0
966 1 0 0 0 0 0 0 0 0
993 1 1 1 1 0 0 0 0 0
994 1 0 0 1 0 0 0 0 0
995 1 0 0 0 0 0 0 0 0
996 1 0 0 0 0 0 0 0 0
997 1 0 0 0 0 0 0 0 0
998 1 0 0 0 0 0 0 0 0
1000 1 0 0 0 0 0 0 0 0
1047 1 1 1 1 0 0 0 0 0
1048 1 0 0 1 0 0 0 0 0
1051 1 0 0 0 0 0 0 0 0
1052 1 0 0 0 0 0 0 0 0
1053 1 0 0 0 0 0 0 0 0
1056 2 0 0 1 0 0 0 0 0
1063 1 0 0 0 0 0 0 0 0
1064 1 0 0 0 0 0 0 0 0
1065 1 0 0 0 0 0 0 0 0
1066 1 0 0 0 0 0 0 0 0
1076 1 1 1 0 0 0 0 0 0
1077 1 0 0 0 0 0 0 0 0
1080 1 0 0 0 0 0 0 0 0
1081 1 0 0 0 0 0 0 0 0
1082 1 0 0 0 0 0 0 0 0
1083 1 0 0 0 0 0 0 0 0
1089 1 1 1 0 0 0 0 0 0
1091 1 0 0 0 0 0 0 0 0
1094 1 0 0 0 0 0 0 0 0
1095 1 0 0 0 0 0 0 0 0
fl=./string/../sysdeps/x86_64/multiarch/strcmp.c
fn=strcmp
47 1 0 0 1 0 0 0 0 0
48 4 0 0 1 0 0 0 0 0
49 3 1 1 1 0 0 0 0 0
53 4 0 0 1 0 0 0 0 0
56 3 0 0 1 0 0 0 0 0
59 3 0 0 0 0 0 0 0 0
79 2 2 2 1 0 0 0 0 0
fl=./string/../sysdeps/x86_64/multiarch/strcpy.c
fn=strcpy
29 2 1 1 1 0 0 0 0 0
fl=./string/../sysdeps/x86_64/multiarch/strcspn.c
fn=strcspn
29 2 1 1 1 0 0 0 0 0
fl=./string/../sysdeps/x86_64/multiarch/strlen-avx2.S
fn=__strlen_avx2
52 74 2 1 0 0 0 0 0 0
65 74 0 0 0 0 0 0 0 0
66 74 0 0 0 0 0 0 0 0
67 74 0 0 0 0 0 0 0 0
70 74 0 0 0 0 0 0 0 0
72 74 0 0 0 0 0 0 0 0
73 74 0 0 0 0 0 0 0 0
76 74 0 0 74 9 9 0 0 0
77 74 0 0 0 0 0 0 0 0
85 74 0 0 0 0 0 0 0 0
86 74 0 0 0 0 0 0 0 0
87 74 0 0 0 0 0 0 0 0
92 148 0 0 74 0 0 0 0 0
fl=./string/../sysdeps/x86_64/multiarch/strlen.c
fn=strlen
29 3 2 2 0 0 0 0 0 0
fl=./string/../sysdeps/x86_64/multiarch/strncase.c
fn=strncasecmp
31 3 1 1 1 0 0 0 0 0
fl=./string/../sysdeps/x86_64/multiarch/strncase_l.c
fn=strncasecmp_l
31 3 1 1 1 0 0 0 0 0
fl=./string/../sysdeps/x86_64/multiarch/strncmp.c
fn=strncmp
43 1 0 0 1 0 0 0 0 0
44 4 0 0 1 0 0 0 0 0
45 3 1 1 1 0 0 0 0 0
49 4 1 1 1 0 0 0 0 0
52 3 0 0 1 0 0 0 0 0
55 4 0 0 0 0 0 0 0 0
67 3 1 1 1 0 0 0 0 0
fl=./string/../sysdeps/x86_64/multiarch/strncpy.c
fn=strncpy
29 1 1 1 0 0 0 0 0 0
fl=./string/../sysdeps/x86_64/multiarch/strnlen.c
fn=strnlen
31 2 1 1 0 0 0 0 0 0
fl=./string/../sysdeps/x86_64/multiarch/strpbrk.c
fn=strpbrk
29 2 1 1 1 0 0 0 0 0
fl=./string/../sysdeps/x86_64/multiarch/strrchr-avx2.S
fn=__strrchr_avx2
53 1 1 1 0 0 0 0 0 0
54 1 0 0 0 0 0 0 0 0
55 1 0 0 0 0 0 0 0 0
57 1 0 0 0 0 0 0 0 0
58 1 1 1 0 0 0 0 0 0
62 1 0 0 0 0 0 0 0 0
63 1 0 0 0 0 0 0 0 0
64 1 0 0 0 0 0 0 0 0
67 1 0 0 1 1 1 0 0 0
69 1 0 0 0 0 0 0 0 0
70 1 0 0 0 0 0 0 0 0
71 1 0 0 0 0 0 0 0 0
72 1 0 0 0 0 0 0 0 0
75 1 0 0 0 0 0 0 0 0
76 1 0 0 0 0 0 0 0 0
78 1 0 0 0 0 0 0 0 0
79 1 0 0 0 0 0 0 0 0
80 1 0 0 0 0 0 0 0 0
81 1 0 0 0 0 0 0 0 0
82 1 0 0 0 0 0 0 0 0
91 2 0 0 1 0 0 0 0 0
fl=./string/../sysdeps/x86_64/multiarch/strrchr.c
fn=rindex
28 1 0 0 0 0 0 0 0 0
fl=./string/../sysdeps/x86_64/multiarch/strspn.c
fn=strspn
29 2 1 1 1 0 0 0 0 0
fl=./string/./string/strdup.c
fn=strdup
40 36 1 1 0 0 0 18 0 0
41 12 0 0 0 0 0 6 0 0
44 12 0 0 0 0 0 0 0 0
47 24 0 0 0 0 0 0 0 0
48 18 0 0 18 0 0 0 0 0
fl=./wcsmbs/../sysdeps/x86_64/multiarch/ifunc-avx2.h
fn=wcschr
38 6 0 0 4 0 0 0 0 0
40 8 0 0 0 0 0 0 0 0
41 4 1 1 2 0 0 0 0 0
42 6 0 0 2 0 0 0 0 0
46 8 0 0 0 0 0 0 0 0
49 6 0 0 0 0 0 0 0 0
52 10 0 0 2 0 0 0 0 0
fn=wcscmp
38 3 1 1 2 0 0 0 0 0
40 4 0 0 0 0 0 0 0 0
41 2 0 0 1 0 0 0 0 0
42 3 0 0 1 0 0 0 0 0
46 4 0 0 0 0 0 0 0 0
49 3 1 1 0 0 0 0 0 0
52 5 0 0 1 0 0 0 0 0
fl=./wcsmbs/../sysdeps/x86_64/multiarch/ifunc-evex.h
fn=wmemchr
37 6 0 0 4 0 0 0 0 0
38 8 0 0 0 0 0 0 0 0
39 6 1 1 2 0 0 0 0 0
43 4 0 0 0 0 0 0 0 0
51 6 0 0 0 0 0 0 0 0
54 8 0 0 0 0 0 0 0 0
fl=./wcsmbs/../sysdeps/x86_64/multiarch/ifunc-memcmp.h
fn=wmemcmp
34 7 0 0 2 0 0 0 0 0
35 2 1 1 1 0 0 0 0 0
37 3 0 0 1 0 0 0 0 0
41 2 0 0 0 0 0 0 0 0
44 3 0 0 0 0 0 0 0 0
47 5 0 0 0 0 0 0 0 0
fl=./wcsmbs/../sysdeps/x86_64/multiarch/ifunc-wcs.h
fn=wcpncpy
39 2 1 1 1 0 0 0 0 0
40 4 0 0 1 0 0 0 0 0
41 3 0 0 1 0 0 0 0 0
45 2 0 0 0 0 0 0 0 0
48 4 1 1 0 0 0 0 0 0
fn=wcscat
39 2 0 0 1 0 0 0 0 0
40 4 1 1 1 0 0 0 0 0
41 3 0 0 1 0 0 0 0 0
45 2 0 0 0 0 0 0 0 0
48 4 0 0 0 0 0 0 0 0
fn=wcsncpy
39 2 0 0 1 0 0 0 0 0
40 4 0 0 1 0 0 0 0 0
41 3 0 0 1 0 0 0 0 0
45 2 0 0 0 0 0 0 0 0
48 4 0 0 0 0 0 0 0 0
fl=./wcsmbs/../sysdeps/x86_64/multiarch/ifunc-wcslen.h
fn=wcslen
40 1 0 0 1 0 0 0 0 0
41 4 1 1 1 0 0 0 0 0
42 3 0 0 1 0 0 0 0 0
46 4 1 1 1 0 0 0 0 0
49 3 0 0 1 0 0 0 0 0
52 3 0 0 0 0 0 0 0 0
fn=wcsnlen
40 1 0 0 1 0 0 0 0 0
41 4 1 1 1 0 0 0 0 0
42 3 0 0 1 0 0 0 0 0
46 4 1 1 1 0 0 0 0 0
49 3 0 0 1 0 0 0 0 0
52 3 0 0 0 0 0 0 0 0
fl=./wcsmbs/../sysdeps/x86_64/multiarch/ifunc-wmemset.h
fn=wmemset
36 10 0 0 4 0 0 0 0 0
37 6 0 0 2 0 0 0 0 0
40 4 0 0 0 0 0 0 0 0
48 6 0 0 0 0 0 0 0 0
51 8 1 1 0 0 0 0 0 0
fl=./wcsmbs/../sysdeps/x86_64/multiarch/wcpncpy.c
fn=wcpncpy
31 3 1 1 1 0 0 0 0 0
fl=./wcsmbs/../sysdeps/x86_64/multiarch/wcscat.c
fn=wcscat
31 3 1 1 1 0 0 0 0 0
fl=./wcsmbs/../sysdeps/x86_64/multiarch/wcschr.c
fn=wcschr
31 2 1 1 0 0 0 0 0 0
fl=./wcsmbs/../sysdeps/x86_64/multiarch/wcscmp.c
fn=wcscmp
30 1 1 1 0 0 0 0 0 0
fl=./wcsmbs/../sysdeps/x86_64/multiarch/wcscpy.c
fn=wcscpy
42 2 0 0 2 0 0 0 0 0
43 4 0 0 0 0 0 0 0 0
44 3 1 1 1 0 0 0 0 0
47 3 0 0 0 0 0 0 0 0
50 3 0 0 0 0 0 0 0 0
60 2 1 1 1 0 0 0 0 0
fl=./wcsmbs/../sysdeps/x86_64/multiarch/wcslen.c
fn=wcslen
29 2 1 1 1 0 0 0 0 0
fl=./wcsmbs/../sysdeps/x86_64/multiarch/wcsncpy.c
fn=wcsncpy
31 3 1 1 1 0 0 0 0 0
fl=./wcsmbs/../sysdeps/x86_64/multiarch/wcsnlen.c
fn=wcsnlen
30 2 1 1 1 0 0 0 0 0
fl=./wcsmbs/../sysdeps/x86_64/multiarch/wmemchr.c
fn=wmemchr
31 4 1 1 2 0 0 0 0 0
fl=./wcsmbs/../sysdeps/x86_64/multiarch/wmemcmp.c
fn=wmemcmp
29 3 1 1 1 0 0 0 0 0
fl=./wcsmbs/../sysdeps/x86_64/multiarch/wmemset.c
fn=wmemset
31 4 1 1 2 0 0 0 0 0
fl=./wcsmbs/./wcsmbs/btowc.c
fn=btowc
32 1280 1 1 0 0 0 512 0 0
37 2304 0 0 256 0 0 256 0 0
42 512 1 1 0 0 0 0 0 0
46 384 0 0 384 1 1 0 0 0
47 256 0 0 256 2 2 0 0 0
48 256 0 0 128 1 1 0 0 0
52 512 1 1 128 0 0 0 0 0
55 1664 0 0 768 0 0 512 0 0
94 1024 1 1 896 0 0 0 0 0
fl=./wcsmbs/./wcsmbs/wctob.c
fn=wctob
30 896 1 1 128 0 0 256 0 0
39 384 0 0 0 0 0 0 0 0
44 256 0 0 0 0 0 0 0 0
45 128 0 0 0 0 0 0 0 0
79 768 1 1 512 0 0 0 0 0
fl=./wcsmbs/./wcsmbsload.h
fn=btowc
69 128 0 0 128 1 0 0 0 0
70 384 0 0 128 1 1 0 0 0
fl=./wctype/./wctype/wctype_l.c
fn=wctype_l
26 110 1 1 0 0 0 60 0 0
29 20 0 0 0 0 0 10 0 0
32 30 0 0 20 1 1 10 0 0
33 68 0 0 0 0 0 0 0 0
35 174 1 1 0 0 0 58 0 0
37 410 0 0 0 0 0 49 0 0
40 48 0 0 0 0 0 0 0 0
41 96 0 0 48 0 0 0 0 0
45 20 0 0 20 1 1 0 0 0
46 10 0 0 10 2 2 0 0 0
47 80 1 1 70 0 0 0 0 0
fl=/home/ubuntu1/PARALELA/LAB2/cachetest.cpp
fn=clasica(double*, double*, double*, int)
7 7 0 0 0 0 0 5 0 0
8 2053 1 1 1538 0 0 1 0 0
9 1051136 0 0 787456 0 0 512 0 0
10 524288 1 1 0 0 0 262144 0 0
11 538181632 1 1 403177472 0 0 262144 0 0
12 3221225472 0 0 1476395008 134547521 134540801 134217728 0 0
14 2883584 0 0 1310720 0 0 262144 262144 262144
17 4 0 0 2 0 0 0 0 0
fn=main
38 12 2 2 1 0 0 6 0 0
39 6 0 0 0 0 0 1 0 0
40 1 0 0 0 0 0 1 0 0
41 1 0 0 0 0 0 1 0 0
43 9 1 1 3 0 0 1 0 0
44 8 0 0 3 0 0 2 0 0
45 2 1 1 1 0 0 0 0 0
47 11 1 1 1 0 0 2 0 0
48 11 1 1 1 0 0 2 0 0
49 11 1 1 1 0 0 2 0 0
51 1310726 1 1 786434 0 0 1 0 0
52 1835008 1 1 786432 1 1 262144 32768 32768
53 1835008 0 0 786432 0 0 262144 32768 32768
54 1835008 0 0 524288 0 0 262144 32768 32768
57 7 0 0 0 0 0 1 0 0
58 6 1 1 4 0 0 1 0 0
59 25 1 1 2 0 0 5 0 0
66 5 1 1 2 0 0 1 0 0
67 5 0 0 2 0 0 1 0 0
68 5 1 1 2 0 0 1 0 0
70 1 0 0 0 0 0 0 0 0
71 10 0 0 5 1 1 1 0 0
fl=/usr/include/c++/15/bits/alloc_traits.h
fn=std::__cxx11::basic_string<char, std::char_traits<char>, std::allocator<char> >::max_size() const
712 8 0 0 0 0 0 0 0 0
fl=/usr/include/c++/15/bits/allocator.h
fn=main
168 1 0 0 0 0 0 0 0 0
189 4 0 0 0 0 0 1 0 0
fn=std::__cxx11::basic_string<char, std::char_traits<char>, std::allocator<char> >::_Alloc_hider::_Alloc_hider(char*, std::allocator<char> const&)
173 1 0 0 0 0 0 0 0 0
fn=std::__cxx11::basic_string<char, std::char_traits<char>, std::allocator<char> >::_Alloc_hider::~_Alloc_hider()
189 4 0 0 1 0 0 1 0 0
fl=/usr/include/c++/15/bits/basic_string.h
fn=bool std::operator==<char, std::char_traits<char>, std::allocator<char> >(std::__cxx11::basic_string<char, std::char_traits<char>, std::allocator<char> > const&, char const*)
4060 7 0 0 0 0 0 4 1 1
4063 7 1 1 2 0 0 2 0 0
4064 19 1 1 3 0 0 3 0 0
4065 3 0 0 3 0 0 0 0 0
fn=std::__cxx11::basic_string<char, std::char_traits<char>, std::allocator<char> >::_Alloc_hider::_Alloc_hider(char*, std::allocator<char> const&)
204 14 2 2 4 0 0 8 0 0
205 6 0 0 4 0 0 1 0 0
fn=std::__cxx11::basic_string<char, std::char_traits<char>, std::allocator<char> >::_Alloc_hider::~_Alloc_hider()
197 10 0 0 3 0 0 3 0 0
fn=std::__cxx11::basic_string<char, std::char_traits<char>, std::allocator<char> >::_M_check_length(unsigned long, unsigned long, char const*) const
420 9 0 0 0 0 0 6 0 0
422 14 1 1 4 0 0 2 0 0
424 4 0 0 3 0 0 0 0 0
fn=std::__cxx11::basic_string<char, std::char_traits<char>, std::allocator<char> >::_M_data() const
238 36 0 0 0 0 0 18 0 0
239 36 0 0 36 0 0 0 0 0
fn=std::__cxx11::basic_string<char, std::char_traits<char>, std::allocator<char> >::_M_disjunct(char const*) const
438 10 1 1 1 0 0 5 0 0
440 9 0 0 2 0 0 2 0 0
441 19 1 1 3 0 0 3 0 0
442 6 1 1 5 0 0 0 0 0
fn=std::__cxx11::basic_string<char, std::char_traits<char>, std::allocator<char> >::_M_dispose()
296 5 0 0 0 0 0 2 0 0
298 6 0 0 1 0 0 1 0 0
300 3 0 0 2 0 0 0 0 0
fn=std::__cxx11::basic_string<char, std::char_traits<char>, std::allocator<char> >::_M_get_allocator() const
364 32 1 1 0 0 0 16 0 0
365 24 0 0 24 0 0 0 0 0
fn=std::__cxx11::basic_string<char, std::char_traits<char>, std::allocator<char> >::_M_is_local() const
278 12 2 2 0 0 0 6 0 0
280 22 0 0 4 0 0 4 0 0
282 6 0 0 4 0 0 0 0 0
284 4 1 1 0 0 0 0 0 0
287 6 0 0 6 0 0 0 0 0
fn=std::__cxx11::basic_string<char, std::char_traits<char>, std::allocator<char> >::_M_length(unsigned long)
233 10 1 1 0 0 0 6 0 0
234 12 1 1 8 0 0 2 0 0
fn=std::__cxx11::basic_string<char, std::char_traits<char>, std::allocator<char> >::_M_local_data()
243 5 1 1 0 0 0 2 0 0
246 4 0 0 1 0 0 1 0 0
250 2 0 0 2 0 0 0 0 0
fn=std::__cxx11::basic_string<char, std::char_traits<char>, std::allocator<char> >::_M_local_data() const
254 10 0 0 0 0 0 4 0 0
257 8 0 0 2 0 0 2 0 0
261 4 0 0 4 0 0 0 0 0
fn=std::__cxx11::basic_string<char, std::char_traits<char>, std::allocator<char> >::_M_set_length(unsigned long)
270 18 1 1 2 0 0 8 0 0
272 10 0 0 4 0 0 2 0 0
273 20 1 1 4 0 0 6 0 0
274 12 0 0 8 0 0 0 0 0
fn=std::__cxx11::basic_string<char, std::char_traits<char>, std::allocator<char> >::_S_copy(char*, char const*, unsigned long)
448 14 2 2 0 0 0 8 0 0
450 4 0 0 2 0 0 0 0 0
453 12 0 0 6 0 0 2 0 0
454 6 0 0 4 0 0 0 0 0
fn=std::__cxx11::basic_string<char, std::char_traits<char>, std::allocator<char> >::assign(char const*)
1844 7 0 0 0 0 0 4 0 0
1847 16 0 0 4 0 0 3 0 0
1849 3 0 0 3 0 0 0 0 0
fn=std::__cxx11::basic_string<char, std::char_traits<char>, std::allocator<char> >::basic_string<std::allocator<char> >(char const*, std::allocator<char> const&)
706 8 1 1 0 0 0 5 0 0
707 10 1 1 3 0 0 2 0 0
710 2 0 0 1 0 0 0 0 0
713 6 0 0 2 0 0 2 0 0
714 6 1 1 3 0 0 1 0 0
715 4 0 0 3 0 0 0 0 0
fn=std::__cxx11::basic_string<char, std::char_traits<char>, std::allocator<char> >::capacity() const
1277 5 1 1 0 0 0 2 0 0
1279 7 0 0 1 0 0 2 0 0
1281 9 1 1 3 0 0 1 0 0
1283 1 0 0 1 0 0 0 0 0
1284 2 0 0 2 0 0 0 0 0
fn=std::__cxx11::basic_string<char, std::char_traits<char>, std::allocator<char> >::data() const
2886 5 0 0 0 0 0 2 0 0
2887 5 0 0 3 0 0 1 0 0
fn=std::__cxx11::basic_string<char, std::char_traits<char>, std::allocator<char> >::max_size() const
1181 64 1 1 8 1 1 24 1 1
1183 16 0 0 0 0 0 8 0 0
1185 72 1 1 24 0 0 40 0 0
1186 56 0 0 8 0 0 8 0 0
1187 40 0 0 32 0 0 0 0 0
fn=std::__cxx11::basic_string<char, std::char_traits<char>, std::allocator<char> >::operator=(char const*)
915 6 1 1 0 0 0 3 0 0
916 7 0 0 4 0 0 1 0 0
fn=std::__cxx11::basic_string<char, std::char_traits<char>, std::allocator<char> >::size() const
1163 30 0 0 0 0 0 12 0 0
1165 18 0 0 12 0 0 6 0 0
1166 36 0 0 12 0 0 6 1 1
1168 6 0 0 6 0 0 0 0 0
1169 12 0 0 12 0 0 0 0 0
fn=std::__cxx11::basic_string<char, std::char_traits<char>, std::allocator<char> >::~basic_string()
895 5 2 2 0 0 0 2 0 0
896 9 0 0 4 0 0 2 0 0
fn=void std::__cxx11::basic_string<char, std::char_traits<char>, std::allocator<char> >::_M_construct<char const*>(char const*, char const*, std::forward_iterator_tag)
378 1 0 0 0 0 0 0 0 0
fn=void std::__cxx11::basic_string<char, std::char_traits<char>, std::allocator<char> >::_S_copy_chars<char const*>(char*, char const*, char const*)
483 7 1 1 0 0 0 4 0 0
489 9 1 1 4 0 0 2 0 0
506 3 0 0 2 0 0 0 0 0
fl=/usr/include/c++/15/bits/basic_string.tcc
fn=std::__cxx11::basic_string<char, std::char_traits<char>, std::allocator<char> >::_M_construct<char const*>(char const*, char const*, std::forward_iterator_tag)::_Guard::_Guard(std::__cxx11::basic_string<char, std::char_traits<char>, std::allocator<char> >*)
245 11 1 1 4 0 0 4 0 0
fn=std::__cxx11::basic_string<char, std::char_traits<char>, std::allocator<char> >::_M_construct<char const*>(char const*, char const*, std::forward_iterator_tag)::_Guard::~_Guard()
248 12 0 0 4 0 0 2 0 0
fn=std::__cxx11::basic_string<char, std::char_traits<char>, std::allocator<char> >::_M_replace(unsigned long, unsigned long, char const*, unsigned long)
542 9 0 0 0 0 0 6 0 0
546 6 1 1 3 0 0 1 0 0
548 4 0 0 1 0 0 2 0 0
549 5 0 0 3 0 0 1 0 0
551 7 1 1 2 0 0 1 0 0
553 6 0 0 2 0 0 2 0 0
555 4 0 0 3 0 0 1 0 0
568 10 1 1 2 0 0 1 0 0
570 2 0 0 1 0 0 0 0 0
572 2 1 1 1 0 0 0 0 0
573 7 0 0 3 0 0 1 0 0
581 5 2 2 2 0 0 1 0 0
582 1 0 0 1 0 0 0 0 0
583 2 0 0 2 0 0 0 0 0
fn=void std::__cxx11::basic_string<char, std::char_traits<char>, std::allocator<char> >::_M_construct<char const*>(char const*, char const*, std::forward_iterator_tag)
227 14 1 1 3 0 0 7 0 0
231 1 0 0 0 0 0 1 0 0
233 3 0 0 1 0 0 0 0 0
236 2 1 1 1 0 0 1 0 0
251 5 0 0 1 0 0 1 0 0
253 9 1 1 3 0 0 2 0 0
255 1 0 0 0 0 0 1 0 0
257 5 0 0 2 0 0 1 0 0
258 8 1 1 4 0 0 1 0 0
fl=/usr/include/c++/15/bits/char_traits.h
fn=std::char_traits<char>::assign(char&, char const&)
345 10 1 1 0 0 0 6 0 0
352 8 0 0 6 0 0 2 0 0
353 6 0 0 4 0 0 0 0 0
fn=std::char_traits<char>::compare(char const*, char const*, unsigned long)
368 7 1 1 0 0 0 4 0 0
370 2 1 1 1 0 0 0 0 0
373 2 0 0 0 0 0 0 0 0
383 7 0 0 3 0 0 1 0 0
384 2 0 0 2 0 0 0 0 0
fn=std::char_traits<char>::copy(char*, char const*, unsigned long)
421 14 1 1 0 0 0 8 0 0
423 4 0 0 2 0 0 0 0 0
429 18 1 1 6 0 0 2 0 0
430 4 0 0 4 0 0 0 0 0
fn=std::char_traits<char>::length(char const*)
387 15 1 1 0 0 0 6 0 0
390 6 0 0 0 0 0 0 0 0
393 12 1 1 3 0 0 3 0 0
394 6 0 0 6 0 0 0 0 0
fl=/usr/include/c++/15/bits/move.h
fn=std::__ptr_traits_ptr_to<char const*, char const, false>::pointer_to(char const&)
53 2 0 0 2 0 0 0 0 0
177 2 0 0 0 0 0 0 0 0
fn=std::__ptr_traits_ptr_to<char*, char, false>::pointer_to(char&)
53 1 0 0 1 0 0 0 0 0
177 1 0 0 0 0 0 0 0 0
fl=/usr/include/c++/15/bits/new_allocator.h
fn=main
88 1 0 0 0 0 0 0 0 0
fn=std::__cxx11::basic_string<char, std::char_traits<char>, std::allocator<char> >::_Alloc_hider::_Alloc_hider(char*, std::allocator<char> const&)
92 1 0 0 0 0 0 0 0 0
fn=std::__cxx11::basic_string<char, std::char_traits<char>, std::allocator<char> >::max_size() const
183 8 0 0 0 0 0 0 0 0
233 8 0 0 0 0 0 0 0 0
fn=std::__new_allocator<char>::~__new_allocator()
104 14 0 0 4 0 0 4 0 0
fl=/usr/include/c++/15/bits/ptr_traits.h
fn=std::__ptr_traits_ptr_to<char const*, char const, false>::pointer_to(char const&)
134 16 1 1 4 0 0 8 0 0
135 4 0 0 4 0 0 0 0 0
fn=std::__ptr_traits_ptr_to<char*, char, false>::pointer_to(char&)
134 8 2 2 2 0 0 4 0 0
135 2 0 0 2 0 0 0 0 0
fl=/usr/include/c++/15/bits/stl_algobase.h
fn=unsigned long const& std::min<unsigned long>(unsigned long const&, unsigned long const&)
234 40 1 1 0 0 0 24 0 0
239 48 0 0 32 0 0 0 0 0
241 8 0 0 8 0 0 0 0 0
242 16 0 0 16 0 0 0 0 0
fl=/usr/include/c++/15/bits/stl_function.h
fn=std::less<char const*>::operator()(char const*, char const*) const
451 12 1 1 0 0 0 8 0 0
454 4 0 0 0 0 0 0 0 0
457 8 0 0 4 0 0 0 0 0
458 4 0 0 4 0 0 0 0 0
fl=/usr/include/c++/15/bits/stl_iterator.h
fn=void std::__cxx11::basic_string<char, std::char_traits<char>, std::allocator<char> >::_S_copy_chars<char const*>(char*, char const*, char const*)
3011 1 0 0 1 0 0 0 0 0
fl=/usr/include/c++/15/bits/stl_iterator_base_funcs.h
fn=void std::__cxx11::basic_string<char, std::char_traits<char>, std::allocator<char> >::_M_construct<char const*>(char const*, char const*, std::forward_iterator_tag)
108 2 0 0 2 0 0 0 0 0
153 4 1 1 2 0 0 2 0 0
154 1 0 0 0 0 0 0 0 0
fl=/usr/include/c++/15/bits/stl_iterator_base_types.h
fn=void std::__cxx11::basic_string<char, std::char_traits<char>, std::allocator<char> >::_M_construct<char const*>(char const*, char const*, std::forward_iterator_tag)
242 1 0 0 0 0 0 0 0 0
fl=/usr/include/x86_64-linux-gnu/c++/15/bits/c++config.h
fn=std::char_traits<char>::compare(char const*, char const*, unsigned long)
589 1 0 0 0 0 0 0 0 0
fn=std::char_traits<char>::length(char const*)
589 3 0 0 0 0 0 0 0 0
fn=std::less<char const*>::operator()(char const*, char const*) const
589 2 1 1 0 0 0 0 0 0
fl=???
fn=(below main)
0 12 2 2 2 1 0 3 0 0
fn=???
0 3457 266 264 1477 132 64 445 21 20
fn=__cpu_indicator_init
0 368 36 36 46 1 1 14 0 0
fn=__cxa_get_globals
0 16 1 1 4 0 0 4 0 0
fn=__gnu_cxx::stdio_sync_filebuf<char, std::char_traits<char> >::overflow(int)
0 7 1 1 1 0 0 0 0 0
fn=__gnu_cxx::stdio_sync_filebuf<char, std::char_traits<char> >::sync()
0 18 1 1 6 1 1 0 0 0
fn=__gnu_cxx::stdio_sync_filebuf<char, std::char_traits<char> >::xsputn(char const*, long)
0 20 2 2 4 1 1 0 0 0
fn=__gnu_cxx::stdio_sync_filebuf<wchar_t, std::char_traits<wchar_t> >::sync()
0 15 0 0 5 2 2 0 0 0
fn=__popcountdi2
0 21 2 2 1 0 0 0 0 0
fn=operator delete(void*)
0 6 1 1 0 0 0 0 0 0
fn=operator delete[](void*)
0 6 1 1 0 0 0 0 0 0
fn=operator new(unsigned long)
0 48 2 2 9 0 0 9 0 0
fn=operator new[](unsigned long)
0 6 1 1 0 0 0 0 0 0
fn=std::__cxx11::messages<char>::messages(unsigned long)
0 20 2 2 4 1 1 8 0 0
fn=std::__cxx11::messages<wchar_t>::messages(unsigned long)
0 20 2 2 4 0 0 8 1 1
fn=std::__cxx11::moneypunct<char, false>::_M_initialize_moneypunct(__locale_struct*, char const*)
0 107 4 4 35 2 1 28 0 0
fn=std::__cxx11::moneypunct<char, true>::_M_initialize_moneypunct(__locale_struct*, char const*)
0 107 4 4 35 0 0 28 0 0
fn=std::__cxx11::moneypunct<wchar_t, false>::_M_initialize_moneypunct(__locale_struct*, char const*)
0 104 6 6 26 0 0 28 0 0
fn=std::__cxx11::moneypunct<wchar_t, true>::_M_initialize_moneypunct(__locale_struct*, char const*)
0 104 6 6 26 0 0 28 0 0
fn=std::__cxx11::numpunct<char>::_M_initialize_numpunct(__locale_struct*)
0 416 7 7 136 6 5 74 0 0
fn=std::__cxx11::numpunct<wchar_t>::_M_initialize_numpunct(__locale_struct*)
0 350 5 5 72 1 0 73 3 3
fn=std::__timepunct<char>::_M_initialize_timepunct(__locale_struct*)
0 134 13 13 31 3 3 32 0 0
fn=std::__timepunct<char>::__timepunct(std::__timepunct_cache<char>*, unsigned long)
0 23 2 2 4 1 0 9 0 0
fn=std::__timepunct<wchar_t>::_M_initialize_timepunct(__locale_struct*)
0 130 14 14 31 3 3 31 0 0
fn=std::__timepunct<wchar_t>::__timepunct(std::__timepunct_cache<wchar_t>*, unsigned long)
0 23 2 2 4 1 0 9 1 1
fn=std::basic_ios<char, std::char_traits<char> >::_M_cache_locale(std::locale const&)
0 128 3 3 64 1 0 36 0 0
fn=std::basic_ios<char, std::char_traits<char> >::init(std::basic_streambuf<char, std::char_traits<char> >*)
0 143 4 4 31 0 0 46 0 0
fn=std::basic_ios<wchar_t, std::char_traits<wchar_t> >::_M_cache_locale(std::locale const&)
0 128 3 3 64 0 0 36 0 0
fn=std::basic_ios<wchar_t, std::char_traits<wchar_t> >::init(std::basic_streambuf<wchar_t, std::char_traits<wchar_t> >*)
0 128 3 3 28 1 1 48 0 0
fn=std::basic_ostream<char, std::char_traits<char> >& std::__ostream_insert<char, std::char_traits<char> >(std::basic_ostream<char, std::char_traits<char> >&, char const*, long)
0 162 5 5 72 2 2 33 1 1
fn=std::basic_ostream<char, std::char_traits<char> >& std::endl<char, std::char_traits<char> >(std::basic_ostream<char, std::char_traits<char> >&)
0 20 2 2 7 1 1 3 0 0
fn=std::basic_ostream<char, std::char_traits<char> >& std::operator<< <char, std::char_traits<char>, std::allocator<char> >(std::basic_ostream<char, std::char_traits<char> >&, std::__cxx11::basic_string<char, std::char_traits<char>, std::allocator<char> > const&)
0 4 1 1 2 1 1 0 0 0
fn=std::basic_ostream<char, std::char_traits<char> >& std::operator<< <std::char_traits<char> >(std::basic_ostream<char, std::char_traits<char> >&, char const*)
0 38 2 2 8 0 0 10 0 0
fn=std::basic_ostream<wchar_t, std::char_traits<wchar_t> >::flush()
0 183 5 5 89 10 10 30 0 0
fn=std::basic_ostream<wchar_t, std::char_traits<wchar_t> >::sentry::sentry(std::basic_ostream<wchar_t, std::char_traits<wchar_t> >&)
0 76 3 3 26 1 1 16 0 0
fn=std::codecvt<char, char, __mbstate_t>::codecvt(unsigned long)
0 18 2 2 4 1 0 6 1 1
fn=std::codecvt<wchar_t, char, __mbstate_t>::codecvt(unsigned long)
0 18 2 2 4 0 0 6 2 2
fn=std::ctype<char>::_M_widen_init() const
0 744 11 11 26 2 2 37 0 0
fn=std::ctype<char>::ctype(unsigned short const*, bool, unsigned long)
0 100 5 5 9 2 1 46 9 9
fn=std::ctype<wchar_t>::_M_convert_to_wmask(unsigned short) const
0 146 7 7 12 0 0 0 0 0
fn=std::ctype<wchar_t>::_M_initialize_ctype()
0 2739 5 5 6 0 0 811 20 20
fn=std::ctype<wchar_t>::ctype(unsigned long)
0 20 2 2 3 1 0 7 1 1
fn=std::ctype<wchar_t>::do_widen(char) const
0 16 1 1 8 0 0 0 0 0
fn=std::error_category::error_category()
0 10 1 1 4 1 0 2 0 0
fn=std::error_category::~error_category()
0 4 0 0 2 0 0 0 0 0
fn=std::future_category()
0 3 1 1 1 0 0 0 0 0
fn=std::ios_base::Init::Init()
0 264 26 26 62 15 1 132 15 14
fn=std::ios_base::Init::~Init()
0 26 3 3 11 8 8 8 0 0
fn=std::ios_base::_M_init()
0 192 3 3 56 1 1 64 0 0
fn=std::ios_base::ios_base()
0 480 3 3 8 0 0 192 30 26
fn=std::locale::_Impl::_Impl(unsigned long)
0 556 57 57 89 36 4 286 38 36
fn=std::locale::_Impl::_M_install_facet(std::locale::id const*, std::locale::facet const*)
0 12256 6 6 3648 0 0 320 0 0
fn=std::locale::facet::_S_create_c_locale(__locale_struct*&, char const*, __locale_struct*)
0 14 2 2 3 0 0 4 0 0
fn=std::locale::facet::_S_get_c_locale()
0 168 2 2 42 0 0 28 0 0
fn=std::locale::facet::_S_get_c_name()
0 21 1 1 7 0 0 0 0 0
fn=std::locale::id::_M_id() const
0 954 2 2 318 9 9 96 0 0
fn=std::locale::locale()
0 374 3 3 110 1 0 110 2 1
fn=std::locale::locale(std::locale::_Impl*)
0 3 1 1 1 0 0 1 0 0
fn=std::locale::operator=(std::locale const&)
0 112 2 2 40 0 0 8 0 0
fn=std::locale::~locale()
0 48 1 1 24 0 0 0 0 0
fn=std::messages<char>::messages(unsigned long)
0 20 2 2 4 0 0 8 1 1
fn=std::messages<wchar_t>::messages(unsigned long)
0 20 2 2 4 0 0 8 0 0
fn=std::moneypunct<char, false>::_M_initialize_moneypunct(__locale_struct*, char const*)
0 107 5 5 35 0 0 28 0 0
fn=std::moneypunct<char, true>::_M_initialize_moneypunct(__locale_struct*, char const*)
0 107 5 5 35 0 0 28 0 0
fn=std::moneypunct<wchar_t, false>::_M_initialize_moneypunct(__locale_struct*, char const*)
0 104 6 6 26 0 0 28 0 0
fn=std::moneypunct<wchar_t, true>::_M_initialize_moneypunct(__locale_struct*, char const*)
0 104 6 6 26 0 0 28 0 0
fn=std::num_put<char, std::ostreambuf_iterator<char, std::char_traits<char> > >::do_put(std::ostreambuf_iterator<char, std::char_traits<char> >, std::ios_base&, char, long) const
0 3 1 1 0 0 0 0 0 0
fn=std::numpunct<char>::_M_initialize_numpunct(__locale_struct*)
0 416 5 5 136 0 0 74 0 0
fn=std::numpunct<wchar_t>::_M_initialize_numpunct(__locale_struct*)
0 350 5 5 72 0 0 73 2 0
fn=std::ostream& std::ostream::_M_insert<long>(long)
0 57 4 4 23 3 3 9 0 0
fn=std::ostream::flush()
0 223 5 5 109 6 6 36 0 0
fn=std::ostream::operator<<(int)
0 11 1 1 3 0 0 0 0 0
fn=std::ostream::operator<<(std::ostream& (*)(std::ostream&))
0 2 1 1 0 0 0 0 0 0
fn=std::ostream::put(char)
0 40 4 4 19 0 0 6 0 0
fn=std::ostream::sentry::sentry(std::ostream&)
0 166 3 3 56 4 4 34 0 0
fn=std::ostreambuf_iterator<char, std::char_traits<char> > std::num_put<char, std::ostreambuf_iterator<char, std::char_traits<char> > >::_M_insert_int<long>(std::ostreambuf_iterator<char, std::char_traits<char> >, std::ios_base&, char, long) const
0 93 8 8 19 1 1 18 0 0
fn=std::uncaught_exception()
0 18 1 1 6 1 1 4 0 0
summary: 3772592748 2264 2219 1885068549 134560141 134549930 135969192 362886 362202
